run_id,machine,CPU,GPU,python,platform,bench,version,model,gpu_used,wall_min_s,wall_med_s,wall_max_s,tok_min_s,tok_med_s,tok_max_s,seed,timestamp,reference,status,benchmark_version,schema_version,cuda_toolkit_version,nvidia_driver_version,gpu_count,gpu_vram_gb,system_ram_gb
REF_2,PC_AL_2015,Intel i5-4690K,NVIDIA Geforce GTX 1060,3.13.5,Windows-10-10.0.19045-SP0,ollama,0.9.6,phi3:3.8b,true,16.83,16.85,25.75,37.95,38.54,38.69,42,2025-07-24T06:55:41,true,confirmed,0.2.0,1,,,1,6.0,32.0
REF_2,PC_AL_2015,Intel i5-4690K,NVIDIA Geforce GTX 1060,3.13.5,Windows-10-10.0.19045-SP0,ollama,0.9.6,phi3:3.8b,false,58.86,81.91,83.21,11.16,11.34,11.35,42,2025-07-24T06:59:25,true,confirmed,0.2.0,1,,,1,6.0,32.0
REF_2,PC_AL_2015,Intel i5-4690K,NVIDIA Geforce GTX 1060,3.13.5,Windows-10-10.0.19045-SP0,ollama,0.9.6,qwen3:4b,true,60.96,61.38,61.43,22.96,23.1,23.67,42,2025-07-24T07:02:31,true,confirmed,0.2.0,1,,,1,6.0,32.0
REF_2,PC_AL_2015,Intel i5-4690K,NVIDIA Geforce GTX 1060,3.13.5,Windows-10-10.0.19045-SP0,ollama,0.9.6,qwen3:4b,false,188.92,191.8,191.98,7.18,7.25,7.3,42,2025-07-24T07:12:36,true,confirmed,0.2.0,1,,,1,6.0,32.0
REF_2,PC_AL_2015,Intel i5-4690K,NVIDIA Geforce GTX 1060,3.13.5,Windows-10-10.0.19045-SP0,ollama,0.9.6,qwen3:14b,true,355.4,396.04,397.49,3.72,3.73,3.78,42,2025-07-24T07:31:45,true,confirmed,0.2.0,1,,,1,6.0,32.0
REF_2,PC_AL_2015,Intel i5-4690K,NVIDIA Geforce GTX 1060,3.13.5,Windows-10-10.0.19045-SP0,ollama,0.9.6,qwen3:14b,false,402.11,403.33,522.01,2.78,2.83,2.84,42,2025-07-24T07:53:53,true,confirmed,0.2.0,1,,,1,6.0,32.0
REF_2,PC_AL_2015,Intel i5-4690K,NVIDIA Geforce GTX 1060,3.13.5,Windows-10-10.0.19045-SP0,ollama,0.9.6,gemma3:4b,true,26.94,26.97,34.4,20.44,20.5,20.52,42,2025-07-24T07:55:22,true,confirmed,0.2.0,1,,,1,6.0,32.0
REF_2,PC_AL_2015,Intel i5-4690K,NVIDIA Geforce GTX 1060,3.13.5,Windows-10-10.0.19045-SP0,ollama,0.9.6,gemma3:4b,false,53.87,54.19,54.29,10.91,10.96,10.96,42,2025-07-24T07:58:05,true,confirmed,0.2.0,1,,,1,6.0,32.0
REF_2,PC_AL_2015,Intel i5-4690K,NVIDIA Geforce GTX 1060,3.13.5,Windows-10-10.0.19045-SP0,ollama,0.9.6,gemma3:12b,true,80.74,84.19,101.65,4.97,5.01,5.19,42,2025-07-24T08:02:33,true,confirmed,0.2.0,1,,,1,6.0,32.0
REF_2,PC_AL_2015,Intel i5-4690K,NVIDIA Geforce GTX 1060,3.13.5,Windows-10-10.0.19045-SP0,ollama,0.9.6,gemma3:12b,false,108.36,113.44,114.68,3.89,3.94,3.94,42,2025-07-24T08:08:10,true,confirmed,0.2.0,1,,,1,6.0,32.0
REF_2,PC_AL_2015,Intel i5-4690K,NVIDIA Geforce GTX 1060,3.13.5,Windows-10-10.0.19045-SP0,ollama,0.9.6,gemma3n:e2b,true,15.05,15.07,27.44,18.82,18.97,19.02,42,2025-07-24T08:09:08,true,confirmed,0.2.0,1,,,1,6.0,32.0
REF_2,PC_AL_2015,Intel i5-4690K,NVIDIA Geforce GTX 1060,3.13.5,Windows-10-10.0.19045-SP0,ollama,0.9.6,gemma3n:e2b,false,16.63,16.65,23.38,15.83,15.87,15.98,42,2025-07-24T08:10:05,true,confirmed,0.2.0,1,,,1,6.0,32.0
REF_2,PC_AL_2015,Intel i5-4690K,NVIDIA Geforce GTX 1060,3.13.5,Windows-10-10.0.19045-SP0,ollama,0.9.6,deepseek-r1:8b,true,103.55,123.61,125.39,10.89,11.05,11.29,42,2025-07-24T08:15:58,true,confirmed,0.2.0,1,,,1,6.0,32.0
REF_2,PC_AL_2015,Intel i5-4690K,NVIDIA Geforce GTX 1060,3.13.5,Windows-10-10.0.19045-SP0,ollama,0.9.6,deepseek-r1:8b,false,227.26,228.08,290.0,4.57,4.77,4.79,42,2025-07-24T08:28:24,true,confirmed,0.2.0,1,,,1,6.0,32.0
REF_2,PC_AL_2015,Intel i5-4690K,NVIDIA Geforce GTX 1060,3.13.5,Windows-10-10.0.19045-SP0,ollama,0.9.6,deepseek-r1:14b,true,132.83,133.45,190.8,4.05,4.07,4.14,42,2025-07-24T08:36:02,true,confirmed,0.2.0,1,,,1,6.0,32.0
REF_2,PC_AL_2015,Intel i5-4690K,NVIDIA Geforce GTX 1060,3.13.5,Windows-10-10.0.19045-SP0,ollama,0.9.6,deepseek-r1:14b,false,167.46,176.99,177.67,3.39,3.4,3.42,42,2025-07-24T08:44:45,true,confirmed,0.2.0,1,,,1,6.0,32.0
REF_3,Mark1,AMD Ryzen 7 9800X3D,NVIDIA Geforce GTX 4080 SUPER,3.13.5,Linux-5.15.167.4-microsoft-standard-WSL2-x86_64-with-glibc2.39,ollama,0.9.6,phi3:3.8b,true,3.04,3.05,4.79,210.6,210.74,210.82,42,2025-07-26T12:08:53,true,confirmed,,1,,,1,16.0,
REF_3,Mark1,AMD Ryzen 7 9800X3D,NVIDIA Geforce GTX 4080 SUPER,3.13.5,Linux-5.15.167.4-microsoft-standard-WSL2-x86_64-with-glibc2.39,ollama,0.9.6,phi3:3.8b,false,27.07,27.21,51.25,21.72,22.35,22.47,42,2025-07-26T12:10:47,true,confirmed,,1,,,1,16.0,
REF_3,Mark1,AMD Ryzen 7 9800X3D,NVIDIA Geforce GTX 4080 SUPER,3.13.5,Linux-5.15.167.4-microsoft-standard-WSL2-x86_64-with-glibc2.39,ollama,0.9.6,qwen3:4b,true,7.67,7.69,10.03,167.7,167.86,168.18,42,2025-07-26T12:11:16,true,confirmed,,1,,,1,16.0,
REF_3,Mark1,AMD Ryzen 7 9800X3D,NVIDIA Geforce GTX 4080 SUPER,3.13.5,Linux-5.15.167.4-microsoft-standard-WSL2-x86_64-with-glibc2.39,ollama,0.9.6,qwen3:4b,false,87.69,87.93,109.43,13.49,13.53,13.7,42,2025-07-26T12:16:27,true,confirmed,,1,,,1,16.0,
REF_3,Mark1,AMD Ryzen 7 9800X3D,NVIDIA Geforce GTX 4080 SUPER,3.13.5,Linux-5.15.167.4-microsoft-standard-WSL2-x86_64-with-glibc2.39,ollama,0.9.6,qwen3:14b,true,14.41,14.44,16.37,68.66,68.82,69.15,42,2025-07-26T12:17:18,true,confirmed,,1,,,1,16.0,
REF_3,Mark1,AMD Ryzen 7 9800X3D,NVIDIA Geforce GTX 4080 SUPER,3.13.5,Linux-5.15.167.4-microsoft-standard-WSL2-x86_64-with-glibc2.39,ollama,0.9.6,qwen3:14b,false,204.46,211.33,214.87,4.47,4.53,4.6,42,2025-07-26T12:28:51,true,confirmed,,1,,,1,16.0,
REF_3,Mark1,AMD Ryzen 7 9800X3D,NVIDIA Geforce GTX 4080 SUPER,3.13.5,Linux-5.15.167.4-microsoft-standard-WSL2-x86_64-with-glibc2.39,ollama,0.9.6,gemma3:4b,true,2.53,2.54,5.63,167.4,171.22,171.55,42,2025-07-26T12:29:02,true,confirmed,,1,,,1,16.0,
REF_3,Mark1,AMD Ryzen 7 9800X3D,NVIDIA Geforce GTX 4080 SUPER,3.13.5,Linux-5.15.167.4-microsoft-standard-WSL2-x86_64-with-glibc2.39,ollama,0.9.6,gemma3:4b,false,19.86,20.36,25.59,19.69,19.71,20.18,42,2025-07-26T12:30:15,true,confirmed,,1,,,1,16.0,
REF_3,Mark1,AMD Ryzen 7 9800X3D,NVIDIA Geforce GTX 4080 SUPER,3.13.5,Linux-5.15.167.4-microsoft-standard-WSL2-x86_64-with-glibc2.39,ollama,0.9.6,gemma3:12b,true,5.51,5.52,8.74,74.54,75.85,75.88,42,2025-07-26T12:30:39,true,confirmed,,1,,,1,16.0,
REF_3,Mark1,AMD Ryzen 7 9800X3D,NVIDIA Geforce GTX 4080 SUPER,3.13.5,Linux-5.15.167.4-microsoft-standard-WSL2-x86_64-with-glibc2.39,ollama,0.9.6,gemma3:12b,false,56.68,56.73,67.17,7.27,7.32,7.33,42,2025-07-26T12:33:57,true,confirmed,,1,,,1,16.0,
REF_3,Mark1,AMD Ryzen 7 9800X3D,NVIDIA Geforce GTX 4080 SUPER,3.13.5,Linux-5.15.167.4-microsoft-standard-WSL2-x86_64-with-glibc2.39,ollama,0.9.6,gemma3n:e2b,true,3.32,3.34,9.01,60.29,63.48,63.94,42,2025-07-26T12:34:18,true,confirmed,,1,,,1,16.0,
REF_3,Mark1,AMD Ryzen 7 9800X3D,NVIDIA Geforce GTX 4080 SUPER,3.13.5,Linux-5.15.167.4-microsoft-standard-WSL2-x86_64-with-glibc2.39,ollama,0.9.6,gemma3n:e2b,false,9.9,9.95,19.39,26.84,26.9,28.21,42,2025-07-26T12:35:00,true,confirmed,,1,,,1,16.0,
REF_3,Mark1,AMD Ryzen 7 9800X3D,NVIDIA Geforce GTX 4080 SUPER,3.13.5,Linux-5.15.167.4-microsoft-standard-WSL2-x86_64-with-glibc2.39,ollama,0.9.6,deepseek-r1:8b,true,7.86,7.89,13.82,102.33,109.16,109.25,42,2025-07-26T12:35:30,true,confirmed,,1,,,1,16.0,
REF_3,Mark1,AMD Ryzen 7 9800X3D,NVIDIA Geforce GTX 4080 SUPER,3.13.5,Linux-5.15.167.4-microsoft-standard-WSL2-x86_64-with-glibc2.39,ollama,0.9.6,deepseek-r1:8b,false,137.44,157.61,165.19,7.22,7.67,8.79,42,2025-07-26T12:43:52,true,confirmed,,1,,,1,16.0,
REF_3,Mark1,AMD Ryzen 7 9800X3D,NVIDIA Geforce GTX 4080 SUPER,3.13.5,Linux-5.15.167.4-microsoft-standard-WSL2-x86_64-with-glibc2.39,ollama,0.9.6,deepseek-r1:14b,true,9.86,9.87,12.47,67.42,67.43,67.47,42,2025-07-26T12:44:27,true,confirmed,,1,,,1,16.0,
REF_3,Mark1,AMD Ryzen 7 9800X3D,NVIDIA Geforce GTX 4080 SUPER,3.13.5,Linux-5.15.167.4-microsoft-standard-WSL2-x86_64-with-glibc2.39,ollama,0.9.6,deepseek-r1:14b,false,130.34,147.44,150.0,5.57,5.67,6.02,42,2025-07-26T12:52:13,true,confirmed,,1,,,1,16.0,
REF_ALBE_20250829_OLLAMA_0.11_XGB_3.0,Alberto_B850,AMD Ryzen 5 9600X,NVIDIA GeForce RTX 5060 Ti,3.13.5,Windows-11-10.0.26100-SP0,ollama,0.11.8,phi3:3.8b,true,6.18,6.29,15.54,140.3,142.75,143.17,42,2025-08-29T19:55:17,true,confirmed,,1,,,,16.0,64.0
REF_ALBE_20250829_OLLAMA_0.11_XGB_3.0,Alberto_B850,AMD Ryzen 5 9600X,NVIDIA GeForce RTX 5060 Ti,3.13.5,Windows-11-10.0.26100-SP0,ollama,0.11.8,phi3:3.8b,false,27.17,29.76,29.92,25.11,25.24,25.34,42,2025-08-29T19:56:47,true,confirmed,,1,,,,16.0,64.0
REF_ALBE_20250829_OLLAMA_0.11_XGB_3.0,Alberto_B850,AMD Ryzen 5 9600X,NVIDIA GeForce RTX 5060 Ti,3.13.5,Windows-11-10.0.26100-SP0,ollama,0.11.8,qwen3:4b,true,13.45,13.56,17.9,111.36,111.51,112.33,42,2025-08-29T19:57:34,true,confirmed,,1,,,,16.0,64.0
REF_ALBE_20250829_OLLAMA_0.11_XGB_3.0,Alberto_B850,AMD Ryzen 5 9600X,NVIDIA GeForce RTX 5060 Ti,3.13.5,Windows-11-10.0.26100-SP0,ollama,0.11.8,qwen3:4b,false,77.99,78.03,118.89,15.52,15.77,15.78,42,2025-08-29T20:02:11,true,confirmed,,1,,,,16.0,64.0
REF_ALBE_20250829_OLLAMA_0.11_XGB_3.0,Alberto_B850,AMD Ryzen 5 9600X,NVIDIA GeForce RTX 5060 Ti,3.13.5,Windows-11-10.0.26100-SP0,ollama,0.11.8,qwen3:14b,true,25.94,25.98,29.26,41.25,41.26,41.27,42,2025-08-29T20:03:34,true,confirmed,,1,,,,16.0,64.0
REF_ALBE_20250829_OLLAMA_0.11_XGB_3.0,Alberto_B850,AMD Ryzen 5 9600X,NVIDIA GeForce RTX 5060 Ti,3.13.5,Windows-11-10.0.26100-SP0,ollama,0.11.8,qwen3:14b,false,189.91,190.04,210.27,5.95,5.95,5.95,42,2025-08-29T20:13:27,true,confirmed,,1,,,,16.0,64.0
REF_ALBE_20250829_OLLAMA_0.11_XGB_3.0,Alberto_B850,AMD Ryzen 5 9600X,NVIDIA GeForce RTX 5060 Ti,3.13.5,Windows-11-10.0.26100-SP0,ollama,0.11.8,gemma3:4b,true,5.51,5.58,7.25,108.92,110.84,111.13,42,2025-08-29T20:13:47,true,confirmed,,1,,,,16.0,64.0
REF_ALBE_20250829_OLLAMA_0.11_XGB_3.0,Alberto_B850,AMD Ryzen 5 9600X,NVIDIA GeForce RTX 5060 Ti,3.13.5,Windows-11-10.0.26100-SP0,ollama,0.11.8,gemma3:4b,false,22.07,23.59,23.67,22.5,22.53,22.54,42,2025-08-29T20:14:59,true,confirmed,,1,,,,16.0,64.0
REF_ALBE_20250829_OLLAMA_0.11_XGB_3.0,Alberto_B850,AMD Ryzen 5 9600X,NVIDIA GeForce RTX 5060 Ti,3.13.5,Windows-11-10.0.26100-SP0,ollama,0.11.8,gemma3:12b,true,11.96,11.97,14.08,44.07,44.11,44.47,42,2025-08-29T20:15:39,true,confirmed,,1,,,,16.0,64.0
REF_ALBE_20250829_OLLAMA_0.11_XGB_3.0,Alberto_B850,AMD Ryzen 5 9600X,NVIDIA GeForce RTX 5060 Ti,3.13.5,Windows-11-10.0.26100-SP0,ollama,0.11.8,gemma3:12b,false,53.93,53.96,55.61,8.0,8.01,8.01,42,2025-08-29T20:18:25,true,confirmed,,1,,,,16.0,64.0
REF_ALBE_20250829_OLLAMA_0.11_XGB_3.0,Alberto_B850,AMD Ryzen 5 9600X,NVIDIA GeForce RTX 5060 Ti,3.13.5,Windows-11-10.0.26100-SP0,ollama,0.11.8,gemma3n:e2b,true,4.18,4.22,7.0,99.28,99.48,101.77,42,2025-08-29T20:18:43,true,confirmed,,1,,,,16.0,64.0
REF_ALBE_20250829_OLLAMA_0.11_XGB_3.0,Alberto_B850,AMD Ryzen 5 9600X,NVIDIA GeForce RTX 5060 Ti,3.13.5,Windows-11-10.0.26100-SP0,ollama,0.11.8,gemma3n:e2b,false,10.35,10.4,11.64,32.28,32.44,32.49,42,2025-08-29T20:19:17,true,confirmed,,1,,,,16.0,64.0
REF_ALBE_20250829_OLLAMA_0.11_XGB_3.0,Alberto_B850,AMD Ryzen 5 9600X,NVIDIA GeForce RTX 5060 Ti,3.13.5,Windows-11-10.0.26100-SP0,ollama,0.11.8,deepseek-r1:8b,true,19.25,20.2,20.69,66.77,68.58,69.1,42,2025-08-29T20:20:20,true,confirmed,,1,,,,16.0,64.0
REF_ALBE_20250829_OLLAMA_0.11_XGB_3.0,Alberto_B850,AMD Ryzen 5 9600X,NVIDIA GeForce RTX 5060 Ti,3.13.5,Windows-11-10.0.26100-SP0,ollama,0.11.8,deepseek-r1:8b,false,95.22,95.44,136.55,9.91,10.02,10.04,42,2025-08-29T20:25:49,true,confirmed,,1,,,,16.0,64.0
REF_ALBE_20250829_OLLAMA_0.11_XGB_3.0,Alberto_B850,AMD Ryzen 5 9600X,NVIDIA GeForce RTX 5060 Ti,3.13.5,Windows-11-10.0.26100-SP0,ollama,0.11.8,deepseek-r1:14b,true,15.73,15.77,23.48,39.79,40.47,40.49,42,2025-08-29T20:26:46,true,confirmed,,1,,,,16.0,64.0
REF_ALBE_20250829_OLLAMA_0.11_XGB_3.0,Alberto_B850,AMD Ryzen 5 9600X,NVIDIA GeForce RTX 5060 Ti,3.13.5,Windows-11-10.0.26100-SP0,ollama,0.11.8,deepseek-r1:14b,false,79.45,79.51,107.47,7.04,7.06,7.07,42,2025-08-29T20:31:15,true,confirmed,,1,,,,16.0,64.0
REF_5,PC_CLAUDIO_2025,Intel i7-10750H,NVIDIA Quadro T2000,3.13.1,Windows-11-10.0.22621-SP0,ollama,0.11.10,phi3:3.8b,true,41.88,44.35,46.0,19.01,20.92,23.1,42,2025-09-12T23:21:32,true,confirmed,,1,,,,,
REF_5,PC_CLAUDIO_2025,Intel i7-10750H,NVIDIA Quadro T2000,3.13.1,Windows-11-10.0.22621-SP0,ollama,0.11.10,phi3:3.8b,false,58.18,79.34,84.44,10.96,11.41,11.68,42,2025-09-12T23:25:17,true,confirmed,,1,,,,,
REF_5,PC_CLAUDIO_2025,Intel i7-10750H,NVIDIA Quadro T2000,3.13.1,Windows-11-10.0.22621-SP0,ollama,0.11.10,qwen3:4b,true,63.81,66.66,72.78,18.59,19.45,19.46,42,2025-09-12T23:28:42,true,confirmed,,1,,,,,
REF_5,PC_CLAUDIO_2025,Intel i7-10750H,NVIDIA Quadro T2000,3.13.1,Windows-11-10.0.22621-SP0,ollama,0.11.10,qwen3:4b,false,165.15,185.45,186.23,7.78,7.81,7.83,42,2025-09-12T23:37:42,true,confirmed,,1,,,,,
REF_5,PC_CLAUDIO_2025,Intel i7-10750H,NVIDIA Quadro T2000,3.13.1,Windows-11-10.0.22621-SP0,ollama,0.11.10,qwen3:14b,true,310.36,324.53,365.01,2.97,3.09,3.1,42,2025-09-12T23:54:24,true,confirmed,,1,,,,,
REF_5,PC_CLAUDIO_2025,Intel i7-10750H,NVIDIA Quadro T2000,3.13.1,Windows-11-10.0.22621-SP0,ollama,0.11.10,qwen3:14b,false,347.8,359.83,363.25,3.07,3.08,3.1,42,2025-09-13T00:12:17,true,confirmed,,1,,,,,
REF_5,PC_CLAUDIO_2025,Intel i7-10750H,NVIDIA Quadro T2000,3.13.1,Windows-11-10.0.22621-SP0,ollama,0.11.10,gemma3:4b,true,30.53,30.74,35.66,18.49,18.57,18.69,42,2025-09-13T00:13:57,true,confirmed,,1,,,,,
REF_5,PC_CLAUDIO_2025,Intel i7-10750H,NVIDIA Quadro T2000,3.13.1,Windows-11-10.0.22621-SP0,ollama,0.11.10,gemma3:4b,false,51.97,52.18,54.44,10.81,11.35,11.4,42,2025-09-13T00:16:38,true,confirmed,,1,,,,,
REF_5,PC_CLAUDIO_2025,Intel i7-10750H,NVIDIA Quadro T2000,3.13.1,Windows-11-10.0.22621-SP0,ollama,0.11.10,gemma3:12b,true,115.27,115.88,122.22,3.84,3.86,3.86,42,2025-09-13T00:22:33,true,confirmed,,1,,,,,
REF_5,PC_CLAUDIO_2025,Intel i7-10750H,NVIDIA Quadro T2000,3.13.1,Windows-11-10.0.22621-SP0,ollama,0.11.10,gemma3:12b,false,103.5,109.37,109.76,4.07,4.09,4.09,42,2025-09-13T00:27:59,true,confirmed,,1,,,,,
REF_5,PC_CLAUDIO_2025,Intel i7-10750H,NVIDIA Quadro T2000,3.13.1,Windows-11-10.0.22621-SP0,ollama,0.11.10,gemma3n:e2b,true,15.75,15.76,20.42,16.66,16.7,16.72,42,2025-09-13T00:28:53,true,confirmed,,1,,,,,
REF_5,PC_CLAUDIO_2025,Intel i7-10750H,NVIDIA Quadro T2000,3.13.1,Windows-11-10.0.22621-SP0,ollama,0.11.10,gemma3n:e2b,false,15.83,15.84,22.28,16.59,16.61,16.63,42,2025-09-13T00:29:49,true,confirmed,,1,,,,,
REF_5,PC_CLAUDIO_2025,Intel i7-10750H,NVIDIA Quadro T2000,3.13.1,Windows-11-10.0.22621-SP0,ollama,0.11.10,deepseek-r1:8b,true,158.79,168.36,169.02,6.51,6.53,6.53,42,2025-09-13T00:38:08,true,confirmed,,1,,,,,
REF_5,PC_CLAUDIO_2025,Intel i7-10750H,NVIDIA Quadro T2000,3.13.1,Windows-11-10.0.22621-SP0,ollama,0.11.10,deepseek-r1:8b,false,146.33,146.71,339.74,5.12,5.26,5.28,42,2025-09-13T00:48:43,true,confirmed,,1,,,,,
REF_5,PC_CLAUDIO_2025,Intel i7-10750H,NVIDIA Quadro T2000,3.13.1,Windows-11-10.0.22621-SP0,ollama,0.11.10,deepseek-r1:14b,true,192.73,238.35,238.43,3.33,3.33,3.34,42,2025-09-13T00:59:55,true,confirmed,,1,,,,,
REF_5,PC_CLAUDIO_2025,Intel i7-10750H,NVIDIA Quadro T2000,3.13.1,Windows-11-10.0.22621-SP0,ollama,0.11.10,deepseek-r1:14b,false,162.74,171.54,171.58,3.51,3.51,3.52,42,2025-09-13T01:08:23,true,confirmed,,1,,,,,
20250915T132157Z_3A304,Desktop-24F9IK9,AMD Ryzen 9 5900X @4.3GHz,NVIDIA Geforce GTX 1080 OC,3.13.7,Windows-10-10.0.19045-SP0,ollama,0.11.10,phi3:3.8b,true,9.84,9.85,12.68,71.86,73.09,73.12,42,2025-09-15T16:31:16,true,confirmed,,1,,,1,8.0,
20250915T132157Z_3A304,Desktop-24F9IK9,AMD Ryzen 9 5900X @4.3GHz,NVIDIA Geforce GTX 1080 OC,3.13.7,Windows-10-10.0.19045-SP0,ollama,0.11.10,phi3:3.8b,false,41.29,59.68,59.72,15.65,15.67,16.23,42,2025-09-15T16:33:59,true,confirmed,,1,,,1,8.0,
20250915T132157Z_3A304,Desktop-24F9IK9,AMD Ryzen 9 5900X @4.3GHz,NVIDIA Geforce GTX 1080 OC,3.13.7,Windows-10-10.0.19045-SP0,ollama,0.11.10,qwen3:4b,true,141.31,166.23,174.88,26.85,28.26,33.61,42,2025-09-15T16:42:04,true,confirmed,,1,,,1,8.0,
20250915T132157Z_3A304,Desktop-24F9IK9,AMD Ryzen 9 5900X @4.3GHz,NVIDIA Geforce GTX 1080 OC,3.13.7,Windows-10-10.0.19045-SP0,ollama,0.11.10,qwen3:4b,false,350.73,352.16,361.75,8.54,9.0,9.04,42,2025-09-15T16:59:51,true,confirmed,,1,,,1,8.0,
20250915T132157Z_3A304,Desktop-24F9IK9,AMD Ryzen 9 5900X @4.3GHz,NVIDIA Geforce GTX 1080 OC,3.13.7,Windows-10-10.0.19045-SP0,ollama,0.11.10,qwen3:14b,true,140.55,186.49,187.66,7.72,7.77,7.9,42,2025-09-15T17:08:28,true,confirmed,,1,,,1,8.0,
20250915T132157Z_3A304,Desktop-24F9IK9,AMD Ryzen 9 5900X @4.3GHz,NVIDIA Geforce GTX 1080 OC,3.13.7,Windows-10-10.0.19045-SP0,ollama,0.11.10,qwen3:14b,false,300.64,316.88,383.29,3.61,3.78,3.8,42,2025-09-15T17:25:11,true,confirmed,,1,,,1,8.0,
20250915T132157Z_3A304,Desktop-24F9IK9,AMD Ryzen 9 5900X @4.3GHz,NVIDIA Geforce GTX 1080 OC,3.13.7,Windows-10-10.0.19045-SP0,ollama,0.11.10,gemma3:4b,true,13.44,13.45,20.69,44.07,44.1,44.12,42,2025-09-15T17:26:01,true,confirmed,,1,,,1,8.0,
20250915T132157Z_3A304,Desktop-24F9IK9,AMD Ryzen 9 5900X @4.3GHz,NVIDIA Geforce GTX 1080 OC,3.13.7,Windows-10-10.0.19045-SP0,ollama,0.11.10,gemma3:4b,false,40.28,43.72,43.76,13.59,13.59,13.6,42,2025-09-15T17:28:12,true,confirmed,,1,,,1,8.0,
20250915T132157Z_3A304,Desktop-24F9IK9,AMD Ryzen 9 5900X @4.3GHz,NVIDIA Geforce GTX 1080 OC,3.13.7,Windows-10-10.0.19045-SP0,ollama,0.11.10,gemma3:12b,true,45.73,45.79,64.55,9.58,9.58,9.59,42,2025-09-15T17:30:50,true,confirmed,,1,,,1,8.0,
20250915T132157Z_3A304,Desktop-24F9IK9,AMD Ryzen 9 5900X @4.3GHz,NVIDIA Geforce GTX 1080 OC,3.13.7,Windows-10-10.0.19045-SP0,ollama,0.11.10,gemma3:12b,false,86.32,90.95,90.97,4.93,4.93,4.94,42,2025-09-15T17:35:21,true,confirmed,,1,,,1,8.0,
20250915T132157Z_3A304,Desktop-24F9IK9,AMD Ryzen 9 5900X @4.3GHz,NVIDIA Geforce GTX 1080 OC,3.13.7,Windows-10-10.0.19045-SP0,ollama,0.11.10,gemma3n:e2b,true,7.73,7.74,20.72,44.84,44.92,44.95,42,2025-09-15T17:36:00,true,confirmed,,1,,,1,8.0,
20250915T132157Z_3A304,Desktop-24F9IK9,AMD Ryzen 9 5900X @4.3GHz,NVIDIA Geforce GTX 1080 OC,3.13.7,Windows-10-10.0.19045-SP0,ollama,0.11.10,gemma3n:e2b,false,13.6,13.68,15.32,19.64,19.73,19.84,42,2025-09-15T17:36:45,true,confirmed,,1,,,1,8.0,
20250915T132157Z_3A304,Desktop-24F9IK9,AMD Ryzen 9 5900X @4.3GHz,NVIDIA Geforce GTX 1080 OC,3.13.7,Windows-10-10.0.19045-SP0,ollama,0.11.10,deepseek-r1:8b,true,42.98,49.46,49.54,25.19,25.23,26.11,42,2025-09-15T17:39:10,true,confirmed,,1,,,1,8.0,
20250915T132157Z_3A304,Desktop-24F9IK9,AMD Ryzen 9 5900X @4.3GHz,NVIDIA Geforce GTX 1080 OC,3.13.7,Windows-10-10.0.19045-SP0,ollama,0.11.10,deepseek-r1:8b,false,186.43,186.48,228.7,5.79,5.84,5.84,42,2025-09-15T17:49:14,true,confirmed,,1,,,1,8.0,
20250915T132157Z_3A304,Desktop-24F9IK9,AMD Ryzen 9 5900X @4.3GHz,NVIDIA Geforce GTX 1080 OC,3.13.7,Windows-10-10.0.19045-SP0,ollama,0.11.10,deepseek-r1:14b,true,78.64,78.74,97.96,7.89,7.9,7.9,42,2025-09-15T17:53:31,true,confirmed,,1,,,1,8.0,
20250915T132157Z_3A304,Desktop-24F9IK9,AMD Ryzen 9 5900X @4.3GHz,NVIDIA Geforce GTX 1080 OC,3.13.7,Windows-10-10.0.19045-SP0,ollama,0.11.10,deepseek-r1:14b,false,129.75,138.09,138.2,4.37,4.38,4.38,42,2025-09-15T18:00:20,true,confirmed,,1,,,1,8.0,
20250922T103551Z_A22F2,BVI IA  : BVI3D 102,Xeon 32vcpu,NVIDIA L40S 8Q,3.13.7,Windows-10-10.0.19045-SP0,ollama,0.12.0,phi3:3.8b,true,3.24,3.24,7.72,178.94,179.52,179.65,42,2025-09-22T12:41:59,true,confirmed,,1,,,,8.0,
20250922T103551Z_A22F2,BVI IA  : BVI3D 102,Xeon 32vcpu,NVIDIA L40S 8Q,3.13.7,Windows-10-10.0.19045-SP0,ollama,0.12.0,phi3:3.8b,false,24.71,24.91,28.23,23.27,28.14,28.37,42,2025-09-22T12:43:17,true,confirmed,,1,,,,8.0,
20250922T103551Z_A22F2,BVI IA  : BVI3D 102,Xeon 32vcpu,NVIDIA L40S 8Q,3.13.7,Windows-10-10.0.19045-SP0,ollama,0.12.0,qwen3:14b,true,64.06,112.61,114.4,12.8,13.0,13.15,42,2025-09-22T12:49:20,true,confirmed,,1,,,,8.0,
20250922T103551Z_A22F2,BVI IA  : BVI3D 102,Xeon 32vcpu,NVIDIA L40S 8Q,3.13.7,Windows-10-10.0.19045-SP0,ollama,0.12.0,qwen3:14b,false,97.07,113.9,115.14,11.16,12.33,12.46,42,2025-09-22T12:54:46,true,confirmed,,1,,,,8.0,
20250922T103551Z_A22F2,BVI IA  : BVI3D 102,Xeon 32vcpu,NVIDIA L40S 8Q,3.13.7,Windows-10-10.0.19045-SP0,ollama,0.12.0,gemma3:12b,true,25.77,34.44,35.28,12.12,16.25,17.73,42,2025-09-22T12:56:23,true,confirmed,,1,,,,8.0,
20250922T103551Z_A22F2,BVI IA  : BVI3D 102,Xeon 32vcpu,NVIDIA L40S 8Q,3.13.7,Windows-10-10.0.19045-SP0,ollama,0.12.0,gemma3:12b,false,29.55,30.85,35.03,13.56,14.15,14.23,42,2025-09-22T12:57:59,true,confirmed,,1,,,,8.0,
20250922T103551Z_A22F2,BVI IA  : BVI3D 102,Xeon 32vcpu,NVIDIA L40S 8Q,3.13.7,Windows-10-10.0.19045-SP0,ollama,0.12.0,deepseek-r1:14b,true,48.74,53.94,66.66,11.01,12.19,12.98,42,2025-09-22T13:00:51,true,confirmed,,1,,,,8.0,
20250922T103551Z_A22F2,BVI IA  : BVI3D 102,Xeon 32vcpu,NVIDIA L40S 8Q,3.13.7,Windows-10-10.0.19045-SP0,ollama,0.12.0,deepseek-r1:14b,false,44.42,53.88,66.76,10.17,12.14,12.34,42,2025-09-22T13:03:36,true,confirmed,,1,,,,8.0,
20250928T194646Z_96B4D,PC_LMENC_2021,AMD Ryzen 5 3600XT,NVIDIA Geforce RTX 2060,3.13.7,Linux-6.14.0-29-generic-x86_64-with-glibc2.39,ollama,0.12.3,phi3:3.8b,true,5.57,5.61,10.8,72.57,94.41,94.86,42,2025-09-28T21:53:02,true,confirmed,,1,,,1,6.0,
20250928T194646Z_96B4D,PC_LMENC_2021,AMD Ryzen 5 3600XT,NVIDIA Geforce RTX 2060,3.13.7,Linux-6.14.0-29-generic-x86_64-with-glibc2.39,ollama,0.12.3,phi3:3.8b,false,29.23,29.25,38.88,16.93,17.37,17.39,42,2025-09-28T21:54:39,true,confirmed,,1,,,1,6.0,
20250928T194646Z_96B4D,PC_LMENC_2021,AMD Ryzen 5 3600XT,NVIDIA Geforce RTX 2060,3.13.7,Linux-6.14.0-29-generic-x86_64-with-glibc2.39,ollama,0.12.3,qwen3:4b,true,48.32,48.34,55.87,51.03,51.25,51.26,42,2025-09-28T21:57:12,true,confirmed,,1,,,1,6.0,
20250928T194646Z_96B4D,PC_LMENC_2021,AMD Ryzen 5 3600XT,NVIDIA Geforce RTX 2060,3.13.7,Linux-6.14.0-29-generic-x86_64-with-glibc2.39,ollama,0.12.3,qwen3:4b,false,181.05,181.07,187.4,13.36,13.37,13.37,42,2025-09-28T22:06:21,true,confirmed,,1,,,1,6.0,
20250928T194646Z_96B4D,PC_LMENC_2021,AMD Ryzen 5 3600XT,NVIDIA Geforce RTX 2060,3.13.7,Linux-6.14.0-29-generic-x86_64-with-glibc2.39,ollama,0.12.3,gemma3:4b,true,7.5,7.5,11.7,55.43,55.67,55.8,42,2025-09-28T22:06:48,true,confirmed,,1,,,1,6.0,
20250928T194646Z_96B4D,PC_LMENC_2021,AMD Ryzen 5 3600XT,NVIDIA Geforce RTX 2060,3.13.7,Linux-6.14.0-29-generic-x86_64-with-glibc2.39,ollama,0.12.3,gemma3:4b,false,22.36,22.37,36.04,14.67,14.74,14.75,42,2025-09-28T22:08:09,true,confirmed,,1,,,1,6.0,
20250928T194646Z_96B4D,PC_LMENC_2021,AMD Ryzen 5 3600XT,NVIDIA Geforce RTX 2060,3.13.7,Linux-6.14.0-29-generic-x86_64-with-glibc2.39,ollama,0.12.3,gemma3:12b,true,45.03,45.21,48.68,9.73,9.77,9.79,42,2025-09-28T22:10:28,true,confirmed,,1,,,1,6.0,
20250928T194646Z_96B4D,PC_LMENC_2021,AMD Ryzen 5 3600XT,NVIDIA Geforce RTX 2060,3.13.7,Linux-6.14.0-29-generic-x86_64-with-glibc2.39,ollama,0.12.3,gemma3:12b,false,77.37,77.59,81.42,5.29,5.3,5.31,42,2025-09-28T22:14:25,true,confirmed,,1,,,1,6.0,
20250928T194646Z_96B4D,PC_LMENC_2021,AMD Ryzen 5 3600XT,NVIDIA Geforce RTX 2060,3.13.7,Linux-6.14.0-29-generic-x86_64-with-glibc2.39,ollama,0.12.3,deepseek-r1:14b,true,87.41,87.41,118.67,7.0,7.04,7.04,42,2025-09-28T23:58:03,true,confirmed,,1,,,1,6.0,
20250928T194646Z_96B4D,PC_LMENC_2021,AMD Ryzen 5 3600XT,NVIDIA Geforce RTX 2060,3.13.7,Linux-6.14.0-29-generic-x86_64-with-glibc2.39,ollama,0.12.3,deepseek-r1:14b,false,142.08,183.25,183.6,4.64,4.65,4.67,42,2025-09-29T00:06:32,true,confirmed,,1,,,1,6.0,
20251017T153806Z_7BEE7,MAC_M4,Apple Silicon M4,Apple M4 Pro,3.13.8,macOS-15.7.1-arm64-arm-64bit-Mach-O,ollama,0.12.6,phi3:3.8b,false,11.44,11.47,15.28,62.38,62.55,62.63,42,2025-10-17T15:37:55,true,confirmed,,1,,,,,
20251017T153806Z_7BEE7,MAC_M4,Apple Silicon M4,Apple M4 Pro,3.13.8,macOS-15.7.1-arm64-arm-64bit-Mach-O,ollama,0.12.6,qwen3:4b,false,31.37,31.57,32.62,53.89,54.31,54.68,42,2025-10-17T17:41:04,true,confirmed,,1,,,,,
20251017T153806Z_7BEE7,MAC_M4,Apple Silicon M4,Apple M4 Pro,3.13.8,macOS-15.7.1-arm64-arm-64bit-Mach-O,ollama,0.12.6,qwen3:14b,false,57.97,58.47,70.72,19.71,19.88,20.01,42,2025-10-17T17:44:12,true,confirmed,,1,,,,,
20251017T153806Z_7BEE7,MAC_M4,Apple Silicon M4,Apple M4 Pro,3.13.8,macOS-15.7.1-arm64-arm-64bit-Mach-O,ollama,0.12.6,gemma3:4b,false,8.41,8.48,14.75,60.57,61.14,62.82,42,2025-10-17T17:44:44,true,confirmed,,1,,,,,
20251017T153806Z_7BEE7,MAC_M4,Apple Silicon M4,Apple M4 Pro,3.13.8,macOS-15.7.1-arm64-arm-64bit-Mach-O,ollama,0.12.6,gemma3:12b,false,19.44,19.96,22.25,21.86,22.5,23.23,42,2025-10-17T17:45:47,true,confirmed,,1,,,,,
20251017T153806Z_7BEE7,MAC_M4,Apple Silicon M4,Apple M4 Pro,3.13.8,macOS-15.7.1-arm64-arm-64bit-Mach-O,ollama,0.12.6,gemma3n:e2b,false,3.51,3.53,5.67,76.4,76.4,77.08,42,2025-10-17T17:46:00,true,confirmed,,1,,,,,
20251017T153806Z_7BEE7,MAC_M4,Apple Silicon M4,Apple M4 Pro,3.13.8,macOS-15.7.1-arm64-arm-64bit-Mach-O,ollama,0.12.6,deepseek-r1:14b,false,34.29,38.81,39.33,19.62,19.88,20.87,42,2025-10-17T17:47:53,true,confirmed,,1,,,,,
20251028T094637Z_B2247,asoldano,Intel i7-11850H,Intel TigerLake-H GT1 (integrated),3.13.7,Linux-6.17.4-200.fc42.x86_64-x86_64-with-glibc2.41,ollama,0.11.11,deepseek-r1:14b,true,170.82,193.92,194.43,4.3,4.31,4.34,42,2025-10-28T11:32:49,true,confirmed,,1,,,1,,
20251028T094637Z_B2247,asoldano,Intel i7-11850H,Intel TigerLake-H GT1 (integrated),3.13.7,Linux-6.17.4-200.fc42.x86_64-x86_64-with-glibc2.41,ollama,0.11.11,deepseek-r1:14b,false,167.82,188.96,189.45,4.4,4.42,4.43,42,2025-10-28T11:41:57,true,confirmed,,1,,,1,,
20251117T083207Z_931B5,fedora,AMD Ryzen AI MAX+ 395,AMD Radeon 8060S (integrated),3.13.7,Linux-6.17.2-201.vanilla.fc42.x86_64-x86_64-with-glibc2.41,ollama,0.12.5,deepseek-r1:14b,true,38.35,39.97,39.98,20.1,20.11,20.15,42,2025-10-28T11:39:27,true,confirmed,,1,,,,,
20251117T083207Z_931B5,fedora,AMD Ryzen AI MAX+ 395,AMD Radeon 8060S (integrated),3.13.7,Linux-6.17.2-201.vanilla.fc42.x86_64-x86_64-with-glibc2.41,ollama,0.12.5,deepseek-r1:14b,false,63.55,70.5,70.52,11.95,11.95,12.05,42,2025-10-28T11:42:52,true,confirmed,,1,,,,,
20251118T174054Z_8D592,SL-VMS-W2019Lab,Intel(R) Xeon(R) Silver 4116 CPU @ 2.10GHz,Nvidia Quadro P4000,3.13.9,Windows-2019Server-10.0.17763-SP0,ollama,0.12.11,gemma3:4b,true,63.55,63.62,63.79,9.16,9.18,10.5,42,2025-11-18T18:44:18,true,confirmed,,1,,,,,
20251119T004721Z_524B0,arch-pc,Intel i7-10700K,NVIDIA Geforce RTX 3060 Ti,3.13.7,Linux-6.17.7-arch1-1-x86_64-with-glibc2.42,ollama,0.12.10,phi3:3.8b,true,6.39,6.39,6.59,135.03,135.04,135.36,42,2025-11-18T19:48:01,true,confirmed,,1,,,1,8.0,
20251119T004721Z_524B0,arch-pc,Intel i7-10700K,NVIDIA Geforce RTX 3060 Ti,3.13.7,Linux-6.17.7-arch1-1-x86_64-with-glibc2.42,ollama,0.12.10,qwen3:4b,true,23.64,23.65,24.69,109.69,109.76,109.91,42,2025-11-18T19:49:15,true,confirmed,,1,,,1,8.0,
20251119T004721Z_524B0,arch-pc,Intel i7-10700K,NVIDIA Geforce RTX 3060 Ti,3.13.7,Linux-6.17.7-arch1-1-x86_64-with-glibc2.42,ollama,0.12.10,gemma3:4b,true,4.44,4.44,6.16,108.98,109.05,109.24,42,2025-11-18T19:49:32,true,confirmed,,1,,,1,8.0,
20251119T004721Z_524B0,arch-pc,Intel i7-10700K,NVIDIA Geforce RTX 3060 Ti,3.13.7,Linux-6.17.7-arch1-1-x86_64-with-glibc2.42,ollama,0.12.10,gemma3n:e2b,true,2.2,2.2,4.94,116.86,117.59,117.73,42,2025-11-18T19:49:44,true,confirmed,,1,,,1,8.0,
20260303T163606Z_67CC2,mbp-47,Macbook Pro M5,Macbook Pro M5,3.13.11,macOS-26.2-arm64-arm-64bit-Mach-O,ollama,0.17.5,qwen3:4b,true,73.45,78.78,79.34,35.64,36.8,38.58,42,2026-03-03T10:42:09,true,confirmed,,1,,,,,
20260303T163606Z_67CC2,mbp-47,Macbook Pro M5,Macbook Pro M5,3.13.11,macOS-26.2-arm64-arm-64bit-Mach-O,ollama,0.17.5,qwen3:4b,false,66.06,66.15,68.39,25.54,25.8,25.83,42,2026-03-03T10:45:30,true,confirmed,,1,,,,,
20260303T163606Z_67CC2,mbp-47,Macbook Pro M5,Macbook Pro M5,3.13.11,macOS-26.2-arm64-arm-64bit-Mach-O,ollama,0.17.5,gemma3:4b,true,13.09,13.27,16.23,42.64,43.0,43.21,42,2026-03-03T10:46:13,true,confirmed,,1,,,,,
20260303T163606Z_67CC2,mbp-47,Macbook Pro M5,Macbook Pro M5,3.13.11,macOS-26.2-arm64-arm-64bit-Mach-O,ollama,0.17.5,gemma3:4b,false,18.37,18.38,20.18,29.97,29.99,30.0,42,2026-03-03T10:47:10,true,confirmed,,1,,,,,
20260328T135253Z_963EA,Maxime-PC,Intel i5-13600KF,NVIDIA Geforce RTX 5070 Ti,3.13.0,Windows-11-10.0.26200-SP0,ollama,0.18.3,qwen3:4b,true,19.08,20.16,20.22,194.8,195.89,196.56,42,2026-03-28T14:59:55,true,confirmed,,1,,,1,16.0,
20260331T180119Z_48386,dgx-spark,Nvidia DGX Spark (Nvidia Grace),NVIDIA Blackwell GB10 LPDDR5x,3.13.12,Linux-6.17.0-1014-nvidia-aarch64-with-glibc2.39,ollama,0.19.0,qwen3.5:9b,true,48.7,48.82,55.25,34.67,34.81,34.87,42,2026-03-31T20:07:07,true,confirmed,,1,,,1,128.0,
20260331T180119Z_48386,dgx-spark,Nvidia DGX Spark (Nvidia Grace),NVIDIA Blackwell GB10 LPDDR5x,3.13.12,Linux-6.17.0-1014-nvidia-aarch64-with-glibc2.39,ollama,0.19.0,qwen3.5:35b,true,30.6,30.69,39.25,57.62,57.64,57.75,42,2026-03-31T20:17:33,true,confirmed,,1,,,1,128.0,
20260331T180119Z_48386,dgx-spark,Nvidia DGX Spark (Nvidia Grace),NVIDIA Blackwell GB10 LPDDR5x,3.13.12,Linux-6.17.0-1014-nvidia-aarch64-with-glibc2.39,ollama,0.19.0,phi3:3.8b,true,11.28,11.28,14.93,88.62,88.64,89.12,42,2026-03-31T20:18:10,true,confirmed,,1,,,1,128.0,
20260331T180119Z_48386,dgx-spark,Nvidia DGX Spark (Nvidia Grace),NVIDIA Blackwell GB10 LPDDR5x,3.13.12,Linux-6.17.0-1014-nvidia-aarch64-with-glibc2.39,ollama,0.19.0,qwen3:4b,true,45.33,45.34,46.37,67.94,67.94,68.11,42,2026-03-31T20:20:28,true,confirmed,,1,,,1,128.0,
20260331T180119Z_48386,dgx-spark,Nvidia DGX Spark (Nvidia Grace),NVIDIA Blackwell GB10 LPDDR5x,3.13.12,Linux-6.17.0-1014-nvidia-aarch64-with-glibc2.39,ollama,0.19.0,qwen3:14b,true,54.98,54.98,59.49,22.88,22.88,22.89,42,2026-03-31T20:25:06,true,confirmed,,1,,,1,128.0,
20260331T180119Z_48386,dgx-spark,Nvidia DGX Spark (Nvidia Grace),NVIDIA Blackwell GB10 LPDDR5x,3.13.12,Linux-6.17.0-1014-nvidia-aarch64-with-glibc2.39,ollama,0.19.0,gemma3:4b,true,4.82,4.82,9.6,71.26,72.15,72.2,42,2026-03-31T20:25:25,true,confirmed,,1,,,1,128.0,
20260331T180119Z_48386,dgx-spark,Nvidia DGX Spark (Nvidia Grace),NVIDIA Blackwell GB10 LPDDR5x,3.13.12,Linux-6.17.0-1014-nvidia-aarch64-with-glibc2.39,ollama,0.19.0,gemma3:12b,true,15.33,15.33,19.42,27.02,27.02,27.03,42,2026-03-31T20:26:15,true,confirmed,,1,,,1,128.0,
20260331T180119Z_48386,dgx-spark,Nvidia DGX Spark (Nvidia Grace),NVIDIA Blackwell GB10 LPDDR5x,3.13.12,Linux-6.17.0-1014-nvidia-aarch64-with-glibc2.39,ollama,0.19.0,gemma3n:e2b,true,3.18,3.19,8.25,90.47,92.95,93.78,42,2026-03-31T20:26:30,true,confirmed,,1,,,1,128.0,
20260331T180119Z_48386,dgx-spark,Nvidia DGX Spark (Nvidia Grace),NVIDIA Blackwell GB10 LPDDR5x,3.13.12,Linux-6.17.0-1014-nvidia-aarch64-with-glibc2.39,ollama,0.19.0,deepseek-r1:8b,true,26.51,26.53,36.12,41.44,41.68,41.69,42,2026-03-31T20:28:00,true,confirmed,,1,,,1,128.0,
20260331T180119Z_48386,dgx-spark,Nvidia DGX Spark (Nvidia Grace),NVIDIA Blackwell GB10 LPDDR5x,3.13.12,Linux-6.17.0-1014-nvidia-aarch64-with-glibc2.39,ollama,0.19.0,deepseek-r1:14b,true,23.1,23.13,27.85,22.87,22.89,22.89,42,2026-03-31T20:29:14,true,confirmed,,1,,,1,128.0,
20260402T145540Z_36287,PF_X1,Intel i7-12800H,NVIDIA Geforce RTX 3050 Ti Laptop,3.13.12,Windows-11-10.0.22631-SP0,ollama,0.19.0,qwen3:4b,true,97.31,103.52,354.21,11.39,15.55,16.57,42,2026-04-02T17:12:40,true,confirmed,,1,,,1,4.0,
20260412T110143Z_6D578,Mac m1 pro da lavoro,Apple M1 Pro,Apple M1 Pro,3.13.12,macOS-26.3.1-arm64-arm-64bit-Mach-O,ollama,0.20.2,qwen3.5:9b,true,153.07,153.08,156.61,13.25,13.25,13.27,42,2026-04-12T13:11:58,true,confirmed,,1,,,,,
20260412T110143Z_6D578,Mac m1 pro da lavoro,Apple M1 Pro,Apple M1 Pro,3.13.12,macOS-26.3.1-arm64-arm-64bit-Mach-O,ollama,0.20.2,gemma4:e4b,true,45.14,45.16,49.82,28.45,28.45,28.45,42,2026-04-12T13:14:19,true,confirmed,,1,,,,,
20260412T110143Z_6D578,Mac m1 pro da lavoro,Apple M1 Pro,Apple M1 Pro,3.13.12,macOS-26.3.1-arm64-arm-64bit-Mach-O,ollama,0.20.2,deepseek-r1:8b,true,56.64,56.64,60.34,22.39,22.42,22.42,42,2026-04-12T13:17:13,true,confirmed,,1,,,,,
REF_ALBE_20260418_OLLAMA_0.21_XGB_3.2,Alberto_B850,AMD Ryzen 5 9600X,NVIDIA GeForce RTX 5060 Ti,3.13.13,Windows-11-10.0.26200-SP0,ollama,0.21.0,phi3:3.8b,true,6.73,6.75,41.23,165.47,165.51,165.54,42,2026-04-18T16:59:03,true,confirmed,0.6.2,2,13.2,596.21,1,16.0,64.0
REF_ALBE_20260418_OLLAMA_0.21_XGB_3.2,Alberto_B850,AMD Ryzen 5 9600X,NVIDIA GeForce RTX 5060 Ti,3.13.13,Windows-11-10.0.26200-SP0,ollama,0.21.0,phi3:3.8b,false,30.67,30.72,32.3,24.3,24.31,24.35,42,2026-04-18T17:00:40,true,confirmed,0.6.2,2,13.2,596.21,1,16.0,64.0
REF_ALBE_20260418_OLLAMA_0.21_XGB_3.2,Alberto_B850,AMD Ryzen 5 9600X,NVIDIA GeForce RTX 5060 Ti,3.13.13,Windows-11-10.0.26200-SP0,ollama,0.21.0,gemma4:e2b,true,8.27,8.29,30.54,168.11,169.06,169.64,42,2026-04-18T17:01:31,true,confirmed,0.6.2,2,13.2,596.21,1,16.0,64.0
REF_ALBE_20260418_OLLAMA_0.21_XGB_3.2,Alberto_B850,AMD Ryzen 5 9600X,NVIDIA GeForce RTX 5060 Ti,3.13.13,Windows-11-10.0.26200-SP0,ollama,0.21.0,gemma4:e2b,false,31.21,31.38,33.11,35.13,35.4,35.65,42,2026-04-18T17:03:11,true,confirmed,0.6.2,2,13.2,596.21,1,16.0,64.0
REF_ALBE_20260418_OLLAMA_0.21_XGB_3.2,Alberto_B850,AMD Ryzen 5 9600X,NVIDIA GeForce RTX 5060 Ti,3.13.13,Windows-11-10.0.26200-SP0,ollama,0.21.0,qwen3:4b,true,47.88,50.23,50.72,100.11,100.39,113.19,42,2026-04-18T17:05:43,true,confirmed,0.6.2,2,13.2,596.21,1,16.0,64.0
REF_ALBE_20260418_OLLAMA_0.21_XGB_3.2,Alberto_B850,AMD Ryzen 5 9600X,NVIDIA GeForce RTX 5060 Ti,3.13.13,Windows-11-10.0.26200-SP0,ollama,0.21.0,qwen3:4b,false,126.03,126.1,127.49,20.98,21.0,21.01,42,2026-04-18T17:12:06,true,confirmed,0.6.2,2,13.2,596.21,1,16.0,64.0
REF_ALBE_20260418_OLLAMA_0.21_XGB_3.2,Alberto_B850,AMD Ryzen 5 9600X,NVIDIA GeForce RTX 5060 Ti,3.13.13,Windows-11-10.0.26200-SP0,ollama,0.21.0,ministral-3:8b,true,15.79,15.89,18.73,73.24,73.7,73.73,42,2026-04-18T17:13:00,true,confirmed,0.6.2,2,13.2,596.21,1,16.0,64.0
REF_ALBE_20260418_OLLAMA_0.21_XGB_3.2,Alberto_B850,AMD Ryzen 5 9600X,NVIDIA GeForce RTX 5060 Ti,3.13.13,Windows-11-10.0.26200-SP0,ollama,0.21.0,ministral-3:8b,false,79.28,79.29,94.44,11.87,11.9,11.9,42,2026-04-18T17:17:17,true,confirmed,0.6.2,2,13.2,596.21,1,16.0,64.0
REF_ALBE_20260418_OLLAMA_0.21_XGB_3.2,Alberto_B850,AMD Ryzen 5 9600X,NVIDIA GeForce RTX 5060 Ti,3.13.13,Windows-11-10.0.26200-SP0,ollama,0.21.0,qwen3:14b,true,33.43,33.93,38.19,42.15,42.85,43.05,42,2026-04-18T17:19:06,true,confirmed,0.6.2,2,13.2,596.21,1,16.0,64.0
REF_ALBE_20260418_OLLAMA_0.21_XGB_3.2,Alberto_B850,AMD Ryzen 5 9600X,NVIDIA GeForce RTX 5060 Ti,3.13.13,Windows-11-10.0.26200-SP0,ollama,0.21.0,qwen3:14b,false,171.93,172.2,194.52,6.79,6.8,6.81,42,2026-04-18T17:28:08,true,confirmed,0.6.2,2,13.2,596.21,1,16.0,64.0
REF_ALBE_20260418_OLLAMA_0.21_XGB_3.2,Alberto_B850,AMD Ryzen 5 9600X,NVIDIA GeForce RTX 5060 Ti,3.13.13,Windows-11-10.0.26200-SP0,ollama,0.21.0,qwen3.5:9b,true,31.55,31.64,36.77,61.78,61.96,61.99,42,2026-04-18T17:29:52,true,confirmed,0.6.2,2,13.2,596.21,1,16.0,64.0
REF_ALBE_20260418_OLLAMA_0.21_XGB_3.2,Alberto_B850,AMD Ryzen 5 9600X,NVIDIA GeForce RTX 5060 Ti,3.13.13,Windows-11-10.0.26200-SP0,ollama,0.21.0,qwen3.5:9b,false,213.73,214.04,215.7,8.77,8.77,8.78,42,2026-04-18T17:40:39,true,confirmed,0.6.2,2,13.2,596.21,1,16.0,64.0
REF_ALBE_20260418_OLLAMA_0.21_XGB_3.2,Alberto_B850,AMD Ryzen 5 9600X,NVIDIA GeForce RTX 5060 Ti,3.13.13,Windows-11-10.0.26200-SP0,ollama,0.21.0,qwen3.6:35b,true,52.64,52.79,61.33,22.33,22.38,22.44,42,2026-04-18T17:43:30,true,confirmed,0.6.2,2,13.2,596.21,1,16.0,64.0
REF_ALBE_20260418_OLLAMA_0.21_XGB_3.2,Alberto_B850,AMD Ryzen 5 9600X,NVIDIA GeForce RTX 5060 Ti,3.13.13,Windows-11-10.0.26200-SP0,ollama,0.21.0,qwen3.6:35b,false,90.59,90.61,95.0,13.12,13.18,13.18,42,2026-04-18T17:48:09,true,confirmed,0.6.2,2,13.2,596.21,1,16.0,64.0
REF_ALBE_20260418_OLLAMA_0.21_XGB_3.2,Alberto_B850,AMD Ryzen 5 9600X,NVIDIA GeForce RTX 5060 Ti,3.13.13,Windows-11-10.0.26200-SP0,ollama,0.21.0,deepseek-r1:8b,true,12.75,12.79,22.35,74.8,75.23,75.27,42,2026-04-18T17:49:01,true,confirmed,0.6.2,2,13.2,596.21,1,16.0,64.0
REF_ALBE_20260418_OLLAMA_0.21_XGB_3.2,Alberto_B850,AMD Ryzen 5 9600X,NVIDIA GeForce RTX 5060 Ti,3.13.13,Windows-11-10.0.26200-SP0,ollama,0.21.0,deepseek-r1:8b,false,97.6,107.39,107.56,12.05,12.07,12.13,42,2026-04-18T17:54:17,true,confirmed,0.6.2,2,13.2,596.21,1,16.0,64.0
REF_ALBE_20260418_OLLAMA_0.21_XGB_3.2,Alberto_B850,AMD Ryzen 5 9600X,NVIDIA GeForce RTX 5060 Ti,3.13.13,Windows-11-10.0.26200-SP0,ollama,0.21.0,deepseek-r1:14b,true,20.68,20.7,25.44,44.32,44.33,44.36,42,2026-04-18T17:55:27,true,confirmed,0.6.2,2,13.2,596.21,1,16.0,64.0
REF_ALBE_20260418_OLLAMA_0.21_XGB_3.2,Alberto_B850,AMD Ryzen 5 9600X,NVIDIA GeForce RTX 5060 Ti,3.13.13,Windows-11-10.0.26200-SP0,ollama,0.21.0,deepseek-r1:14b,false,100.22,100.3,103.76,7.06,7.07,7.07,42,2026-04-18T18:00:35,true,confirmed,0.6.2,2,13.2,596.21,1,16.0,64.0
REF_ALBE_20260418_OLLAMA_0.21_XGB_3.2,Alberto_B850,AMD Ryzen 5 9600X,NVIDIA GeForce RTX 5060 Ti,3.13.13,Windows-11-10.0.26200-SP0,ollama,0.21.0,gemma4:e4b,true,14.78,14.87,34.62,95.45,95.91,96.26,42,2026-04-18T18:01:43,true,confirmed,0.6.2,2,13.2,596.21,1,16.0,64.0
REF_ALBE_20260418_OLLAMA_0.21_XGB_3.2,Alberto_B850,AMD Ryzen 5 9600X,NVIDIA GeForce RTX 5060 Ti,3.13.13,Windows-11-10.0.26200-SP0,ollama,0.21.0,gemma4:e4b,false,66.61,66.63,69.46,18.78,18.8,18.8,42,2026-04-18T18:05:10,true,confirmed,0.6.2,2,13.2,596.21,1,16.0,64.0
REF_ALBE_20260418_OLLAMA_0.21_XGB_3.2,Alberto_B850,AMD Ryzen 5 9600X,NVIDIA GeForce RTX 5060 Ti,3.13.13,Windows-11-10.0.26200-SP0,ollama,0.21.0,gemma4:26b,true,33.67,33.71,57.89,39.13,39.27,39.3,42,2026-04-18T18:07:18,true,confirmed,0.6.2,2,13.2,596.21,1,16.0,64.0
REF_ALBE_20260418_OLLAMA_0.21_XGB_3.2,Alberto_B850,AMD Ryzen 5 9600X,NVIDIA GeForce RTX 5060 Ti,3.13.13,Windows-11-10.0.26200-SP0,ollama,0.21.0,gemma4:26b,false,69.43,69.43,76.02,20.15,20.24,20.25,42,2026-04-18T18:10:57,true,confirmed,0.6.2,2,13.2,596.21,1,16.0,64.0
20260419T103705Z_4C034,MIRCO,Intel i9-12900K,NVIDIA GeForce RTX 5070 Ti,3.13.13,Windows-11-10.0.26200-SP0,ollama,0.21.0,gemma4:e4b,true,11.59,11.59,17.88,127.67,127.75,129.61,42,2026-04-19T12:50:53,true,confirmed,0.6.2,2,13.2,595.97,1,16.0,32.0
20260419T103705Z_4C034,MIRCO,Intel i9-12900K,NVIDIA GeForce RTX 5070 Ti,3.13.13,Windows-11-10.0.26200-SP0,ollama,0.21.0,gemma4:e4b,false,76.03,76.99,80.24,16.95,17.23,17.28,42,2026-04-19T12:54:50,true,confirmed,0.6.2,2,13.2,595.97,1,16.0,32.0
20260425T144131Z_B4117,ATIRONI-07,Intel(R) Core(TM) Ultra 7 155H,NVIDIA RTX 1000 Ada Generation Laptop GPU,3.13.13,Windows-11-10.0.26200-SP0,ollama,0.20.3,gemma4:e2b,true,32.4,33.12,45.78,31.54,32.2,33.03,42,2026-04-25T16:54:22,true,confirmed,0.6.2,2,12.8,573.71,1,6.0,32.0
20260425T144131Z_B4117,ATIRONI-07,Intel(R) Core(TM) Ultra 7 155H,NVIDIA RTX 1000 Ada Generation Laptop GPU,3.13.13,Windows-11-10.0.26200-SP0,ollama,0.20.3,gemma4:e2b,false,63.95,65.0,71.28,16.73,16.85,17.02,42,2026-04-25T16:57:47,true,confirmed,0.6.2,2,12.8,573.71,1,6.0,32.0
20260515T211732Z_4443B,GENIUS,AMD Ryzen 7 7700X,NVIDIA GeForce RTX 4090,3.13.13,Windows-11-10.0.26200-SP0,ollama,0.24.0,phi3:3.8b,true,305.14,305.14,305.14,124.31,124.31,124.31,42,2026-05-16T06:47:31,true,confirmed,0.6.2,2,12.9,596.36,2,24.0,64.0
20260515T211732Z_4443B,GENIUS,AMD Ryzen 7 7700X,NVIDIA GeForce RTX 4090,3.13.13,Windows-11-10.0.26200-SP0,ollama,0.24.0,phi3:3.8b,false,44.58,44.72,50.38,23.15,23.37,23.51,42,2026-05-16T06:49:53,true,confirmed,0.6.2,2,12.9,596.36,2,24.0,64.0
20260515T211732Z_4443B,GENIUS,AMD Ryzen 7 7700X,NVIDIA GeForce RTX 4090,3.13.13,Windows-11-10.0.26200-SP0,ollama,0.24.0,gemma4:e2b,true,4.61,4.61,49.54,235.77,249.39,252.47,42,2026-05-16T06:50:53,true,confirmed,0.6.2,2,12.9,596.36,2,24.0,64.0
20260515T211732Z_4443B,GENIUS,AMD Ryzen 7 7700X,NVIDIA GeForce RTX 4090,3.13.13,Windows-11-10.0.26200-SP0,ollama,0.24.0,gemma4:e2b,false,31.52,31.56,35.62,32.75,32.78,32.83,42,2026-05-16T06:52:34,true,confirmed,0.6.2,2,12.9,596.36,2,24.0,64.0
20260515T211732Z_4443B,GENIUS,AMD Ryzen 7 7700X,NVIDIA GeForce RTX 4090,3.13.13,Windows-11-10.0.26200-SP0,ollama,0.24.0,qwen3:4b,true,19.84,19.88,26.91,212.18,212.89,217.86,42,2026-05-16T06:53:43,true,confirmed,0.6.2,2,12.9,596.36,2,24.0,64.0
20260515T211732Z_4443B,GENIUS,AMD Ryzen 7 7700X,NVIDIA GeForce RTX 4090,3.13.13,Windows-11-10.0.26200-SP0,ollama,0.24.0,qwen3:4b,false,150.13,150.22,154.87,17.21,17.33,17.34,42,2026-05-16T07:01:20,true,confirmed,0.6.2,2,12.9,596.36,2,24.0,64.0
20260515T211732Z_4443B,GENIUS,AMD Ryzen 7 7700X,NVIDIA GeForce RTX 4090,3.13.13,Windows-11-10.0.26200-SP0,ollama,0.24.0,ministral-3:8b,true,9.5,9.51,9.67,145.51,145.54,147.71,42,2026-05-16T07:01:51,true,confirmed,0.6.2,2,12.9,596.36,2,24.0,64.0
20260515T211732Z_4443B,GENIUS,AMD Ryzen 7 7700X,NVIDIA GeForce RTX 4090,3.13.13,Windows-11-10.0.26200-SP0,ollama,0.24.0,ministral-3:8b,false,136.41,136.72,152.36,10.51,10.54,10.57,42,2026-05-16T07:08:58,true,confirmed,0.6.2,2,12.9,596.36,2,24.0,64.0
20260515T211732Z_4443B,GENIUS,AMD Ryzen 7 7700X,NVIDIA GeForce RTX 4090,3.13.13,Windows-11-10.0.26200-SP0,ollama,0.24.0,qwen3:14b,true,12.73,12.74,25.01,87.95,88.56,88.64,42,2026-05-16T07:09:51,true,confirmed,0.6.2,2,12.9,596.36,2,24.0,64.0
20260515T211732Z_4443B,GENIUS,AMD Ryzen 7 7700X,NVIDIA GeForce RTX 4090,3.13.13,Windows-11-10.0.26200-SP0,ollama,0.24.0,qwen3:14b,false,176.9,176.94,202.73,6.48,6.55,6.56,42,2026-05-16T07:19:09,true,confirmed,0.6.2,2,12.9,596.36,2,24.0,64.0
20260515T211732Z_4443B,GENIUS,AMD Ryzen 7 7700X,NVIDIA GeForce RTX 4090,3.13.13,Windows-11-10.0.26200-SP0,ollama,0.24.0,qwen3.5:9b,true,16.74,16.75,25.88,115.64,115.8,116.41,42,2026-05-16T07:20:11,true,confirmed,0.6.2,2,12.9,596.36,2,24.0,64.0
20260515T211732Z_4443B,GENIUS,AMD Ryzen 7 7700X,NVIDIA GeForce RTX 4090,3.13.13,Windows-11-10.0.26200-SP0,ollama,0.24.0,qwen3.5:9b,false,245.62,246.5,251.58,7.48,7.54,7.57,42,2026-05-16T07:32:37,true,confirmed,0.6.2,2,12.9,596.36,2,24.0,64.0
20260515T211732Z_4443B,GENIUS,AMD Ryzen 7 7700X,NVIDIA GeForce RTX 4090,3.13.13,Windows-11-10.0.26200-SP0,ollama,0.24.0,qwen3.6:35b,true,14.01,14.01,40.04,95.36,95.75,95.85,42,2026-05-16T07:33:47,true,confirmed,0.6.2,2,12.9,596.36,2,24.0,64.0
20260515T211732Z_4443B,GENIUS,AMD Ryzen 7 7700X,NVIDIA GeForce RTX 4090,3.13.13,Windows-11-10.0.26200-SP0,ollama,0.24.0,qwen3.6:35b,false,109.99,110.52,117.37,10.56,10.57,10.63,42,2026-05-16T07:39:27,true,confirmed,0.6.2,2,12.9,596.36,2,24.0,64.0
20260515T211732Z_4443B,GENIUS,AMD Ryzen 7 7700X,NVIDIA GeForce RTX 4090,3.13.13,Windows-11-10.0.26200-SP0,ollama,0.24.0,deepseek-r1:8b,true,9.89,9.9,11.48,144.87,145.14,145.42,42,2026-05-16T07:40:00,true,confirmed,0.6.2,2,12.9,596.36,2,24.0,64.0
20260515T211732Z_4443B,GENIUS,AMD Ryzen 7 7700X,NVIDIA GeForce RTX 4090,3.13.13,Windows-11-10.0.26200-SP0,ollama,0.24.0,deepseek-r1:8b,false,103.4,112.29,112.71,11.28,11.32,11.4,42,2026-05-16T07:45:30,true,confirmed,0.6.2,2,12.9,596.36,2,24.0,64.0
20260515T211732Z_4443B,GENIUS,AMD Ryzen 7 7700X,NVIDIA GeForce RTX 4090,3.13.13,Windows-11-10.0.26200-SP0,ollama,0.24.0,deepseek-r1:14b,true,10.2,10.22,15.04,77.86,83.4,95.34,42,2026-05-16T07:46:08,true,confirmed,0.6.2,2,12.9,596.36,2,24.0,64.0
20260515T211732Z_4443B,GENIUS,AMD Ryzen 7 7700X,NVIDIA GeForce RTX 4090,3.13.13,Windows-11-10.0.26200-SP0,ollama,0.24.0,deepseek-r1:14b,false,101.89,102.07,111.71,7.09,7.12,7.12,42,2026-05-16T07:51:25,true,confirmed,0.6.2,2,12.9,596.36,2,24.0,64.0
20260515T211732Z_4443B,GENIUS,AMD Ryzen 7 7700X,NVIDIA GeForce RTX 4090,3.13.13,Windows-11-10.0.26200-SP0,ollama,0.24.0,gemma4:e4b,true,7.72,7.76,45.54,162.62,165.18,166.26,42,2026-05-16T07:52:28,true,confirmed,0.6.2,2,12.9,596.36,2,24.0,64.0
20260515T211732Z_4443B,GENIUS,AMD Ryzen 7 7700X,NVIDIA GeForce RTX 4090,3.13.13,Windows-11-10.0.26200-SP0,ollama,0.24.0,gemma4:e4b,false,68.24,68.36,72.3,17.8,17.8,17.81,42,2026-05-16T07:55:59,true,confirmed,0.6.2,2,12.9,596.36,2,24.0,64.0
20260515T211732Z_4443B,GENIUS,AMD Ryzen 7 7700X,NVIDIA GeForce RTX 4090,3.13.13,Windows-11-10.0.26200-SP0,ollama,0.24.0,gemma4:26b,true,9.46,9.48,45.33,152.27,155.22,155.41,42,2026-05-16T07:57:06,true,confirmed,0.6.2,2,12.9,596.36,2,24.0,64.0
20260515T211732Z_4443B,GENIUS,AMD Ryzen 7 7700X,NVIDIA GeForce RTX 4090,3.13.13,Windows-11-10.0.26200-SP0,ollama,0.24.0,gemma4:26b,false,73.96,73.97,82.35,18.39,18.48,18.48,42,2026-05-16T08:00:58,true,confirmed,0.6.2,2,12.9,596.36,2,24.0,64.0
20260524T080256Z_73019,HP5625U,AMD Ryzen 5 5625U with Radeon Graphics,AMD Radeon (TM) Graphics,3.13.13,Windows-11-10.0.26200-SP0,ollama,0.24.0,phi3:3.8b,false,57.69,58.51,63.66,13.01,13.32,13.84,42,2026-05-24T10:37:48,true,confirmed,0.6.3,2,,,1,1.0,8.0
20260524T080256Z_73019,HP5625U,AMD Ryzen 5 5625U with Radeon Graphics,AMD Radeon (TM) Graphics,3.13.13,Windows-11-10.0.26200-SP0,ollama,0.24.0,gemma4:e2b,false,53.38,54.12,93.23,16.79,18.68,18.87,42,2026-05-24T10:44:39,true,confirmed,0.6.3,2,,,1,1.0,8.0
20260524T080256Z_73019,HP5625U,AMD Ryzen 5 5625U with Radeon Graphics,AMD Radeon (TM) Graphics,3.13.13,Windows-11-10.0.26200-SP0,ollama,0.24.0,qwen3:4b,false,542.75,555.38,556.01,8.57,8.58,8.83,42,2026-05-24T11:39:57,true,confirmed,0.6.3,2,,,1,1.0,8.0
20260524T080256Z_73019,HP5625U,AMD Ryzen 5 5625U with Radeon Graphics,AMD Radeon (TM) Graphics,3.13.13,Windows-11-10.0.26200-SP0,ollama,0.24.0,ministral-3:8b,false,268.11,270.69,330.12,5.96,5.97,6.03,42,2026-05-24T12:09:02,true,confirmed,0.6.3,2,,,1,1.0,8.0
REF_ALBE_20260620_OLLAMA_0.30_XGB_3.3,Alberto_B850,AMD Ryzen 5 9600X,NVIDIA GeForce RTX 5060 Ti,3.13.13,Windows-11-10.0.26200-SP0,ollama,0.30.10,phi3:3.8b,true,5.47,5.47,28.32,149.5,150.15,150.29,42,2026-06-20T17:13:10,true,confirmed,0.6.4,2,13.3,610.62,1,16.0,64.0
REF_ALBE_20260620_OLLAMA_0.30_XGB_3.3,Alberto_B850,AMD Ryzen 5 9600X,NVIDIA GeForce RTX 5060 Ti,3.13.13,Windows-11-10.0.26200-SP0,ollama,0.30.10,phi3:3.8b,false,33.0,33.1,34.89,22.92,22.94,22.96,42,2026-06-20T17:14:54,true,confirmed,0.6.4,2,13.3,610.62,1,16.0,64.0
REF_ALBE_20260620_OLLAMA_0.30_XGB_3.3,Alberto_B850,AMD Ryzen 5 9600X,NVIDIA GeForce RTX 5060 Ti,3.13.13,Windows-11-10.0.26200-SP0,ollama,0.30.10,gemma4:e2b,true,8.73,8.75,50.59,104.29,166.31,166.99,42,2026-06-20T17:16:06,true,confirmed,0.6.4,2,13.3,610.62,1,16.0,64.0
REF_ALBE_20260620_OLLAMA_0.30_XGB_3.3,Alberto_B850,AMD Ryzen 5 9600X,NVIDIA GeForce RTX 5060 Ti,3.13.13,Windows-11-10.0.26200-SP0,ollama,0.30.10,gemma4:e2b,false,28.2,28.3,33.25,34.54,34.92,34.96,42,2026-06-20T17:17:39,true,confirmed,0.6.4,2,13.3,610.62,1,16.0,64.0
REF_ALBE_20260620_OLLAMA_0.30_XGB_3.3,Alberto_B850,AMD Ryzen 5 9600X,NVIDIA GeForce RTX 5060 Ti,3.13.13,Windows-11-10.0.26200-SP0,ollama,0.30.10,qwen3:4b,true,24.12,24.25,36.78,124.59,125.21,125.57,42,2026-06-20T17:19:08,true,confirmed,0.6.4,2,13.3,610.62,1,16.0,64.0
REF_ALBE_20260620_OLLAMA_0.30_XGB_3.3,Alberto_B850,AMD Ryzen 5 9600X,NVIDIA GeForce RTX 5060 Ti,3.13.13,Windows-11-10.0.26200-SP0,ollama,0.30.10,qwen3:4b,false,129.68,129.97,132.32,20.46,20.51,20.55,42,2026-06-20T17:25:44,true,confirmed,0.6.4,2,13.3,610.62,1,16.0,64.0
REF_ALBE_20260620_OLLAMA_0.30_XGB_3.3,Alberto_B850,AMD Ryzen 5 9600X,NVIDIA GeForce RTX 5060 Ti,3.13.13,Windows-11-10.0.26200-SP0,ollama,0.30.10,ministral-3:8b,true,14.11,14.19,19.68,72.97,73.37,73.39,42,2026-06-20T17:26:35,true,confirmed,0.6.4,2,13.3,610.62,1,16.0,64.0
REF_ALBE_20260620_OLLAMA_0.30_XGB_3.3,Alberto_B850,AMD Ryzen 5 9600X,NVIDIA GeForce RTX 5060 Ti,3.13.13,Windows-11-10.0.26200-SP0,ollama,0.30.10,ministral-3:8b,false,48.8,86.33,86.49,11.67,11.7,11.88,42,2026-06-20T17:30:21,true,confirmed,0.6.4,2,13.3,610.62,1,16.0,64.0
REF_ALBE_20260620_OLLAMA_0.30_XGB_3.3,Alberto_B850,AMD Ryzen 5 9600X,NVIDIA GeForce RTX 5060 Ti,3.13.13,Windows-11-10.0.26200-SP0,ollama,0.30.10,qwen3:14b,true,26.1,26.19,51.63,38.11,43.86,44.05,42,2026-06-20T17:32:08,true,confirmed,0.6.4,2,13.3,610.62,1,16.0,64.0
REF_ALBE_20260620_OLLAMA_0.30_XGB_3.3,Alberto_B850,AMD Ryzen 5 9600X,NVIDIA GeForce RTX 5060 Ti,3.13.13,Windows-11-10.0.26200-SP0,ollama,0.30.10,qwen3:14b,false,167.08,228.22,228.35,6.72,6.72,6.78,42,2026-06-20T17:42:35,true,confirmed,0.6.4,2,13.3,610.62,1,16.0,64.0
REF_ALBE_20260620_OLLAMA_0.30_XGB_3.3,Alberto_B850,AMD Ryzen 5 9600X,NVIDIA GeForce RTX 5060 Ti,3.13.13,Windows-11-10.0.26200-SP0,ollama,0.30.10,qwen3.5:9b,true,29.37,29.46,38.88,69.13,69.38,69.47,42,2026-06-20T17:44:17,true,confirmed,0.6.4,2,13.3,610.62,1,16.0,64.0
REF_ALBE_20260620_OLLAMA_0.30_XGB_3.3,Alberto_B850,AMD Ryzen 5 9600X,NVIDIA GeForce RTX 5060 Ti,3.13.13,Windows-11-10.0.26200-SP0,ollama,0.30.10,qwen3.5:9b,false,155.74,155.85,160.42,11.67,11.7,11.71,42,2026-06-20T17:52:12,true,confirmed,0.6.4,2,13.3,610.62,1,16.0,64.0
REF_ALBE_20260620_OLLAMA_0.30_XGB_3.3,Alberto_B850,AMD Ryzen 5 9600X,NVIDIA GeForce RTX 5060 Ti,3.13.13,Windows-11-10.0.26200-SP0,ollama,0.30.10,qwen3.6:35b,true,15.72,15.76,46.14,71.04,73.19,73.26,42,2026-06-20T17:53:33,true,confirmed,0.6.4,2,13.3,610.62,1,16.0,64.0
REF_ALBE_20260620_OLLAMA_0.30_XGB_3.3,Alberto_B850,AMD Ryzen 5 9600X,NVIDIA GeForce RTX 5060 Ti,3.13.13,Windows-11-10.0.26200-SP0,ollama,0.30.10,qwen3.6:35b,false,45.84,45.84,55.65,24.51,24.52,24.52,42,2026-06-20T17:56:04,true,confirmed,0.6.4,2,13.3,610.62,1,16.0,64.0
REF_ALBE_20260620_OLLAMA_0.30_XGB_3.3,Alberto_B850,AMD Ryzen 5 9600X,NVIDIA GeForce RTX 5060 Ti,3.13.13,Windows-11-10.0.26200-SP0,ollama,0.30.10,deepseek-r1:8b,true,17.79,17.8,24.31,75.47,75.69,75.72,42,2026-06-20T17:57:08,true,confirmed,0.6.4,2,13.3,610.62,1,16.0,64.0
REF_ALBE_20260620_OLLAMA_0.30_XGB_3.3,Alberto_B850,AMD Ryzen 5 9600X,NVIDIA GeForce RTX 5060 Ti,3.13.13,Windows-11-10.0.26200-SP0,ollama,0.30.10,deepseek-r1:8b,false,125.08,125.53,126.04,11.88,11.92,11.92,42,2026-06-20T18:03:28,true,confirmed,0.6.4,2,13.3,610.62,1,16.0,64.0
REF_ALBE_20260620_OLLAMA_0.30_XGB_3.3,Alberto_B850,AMD Ryzen 5 9600X,NVIDIA GeForce RTX 5060 Ti,3.13.13,Windows-11-10.0.26200-SP0,ollama,0.30.10,deepseek-r1:14b,true,18.64,18.65,22.04,44.14,44.16,44.19,42,2026-06-20T18:04:31,true,confirmed,0.6.4,2,13.3,610.62,1,16.0,64.0
REF_ALBE_20260620_OLLAMA_0.30_XGB_3.3,Alberto_B850,AMD Ryzen 5 9600X,NVIDIA GeForce RTX 5060 Ti,3.13.13,Windows-11-10.0.26200-SP0,ollama,0.30.10,deepseek-r1:14b,false,94.87,95.05,99.73,6.99,7.0,7.01,42,2026-06-20T18:09:24,true,confirmed,0.6.4,2,13.3,610.62,1,16.0,64.0
REF_ALBE_20260620_OLLAMA_0.30_XGB_3.3,Alberto_B850,AMD Ryzen 5 9600X,NVIDIA GeForce RTX 5060 Ti,3.13.13,Windows-11-10.0.26200-SP0,ollama,0.30.10,gemma4:e4b,true,15.15,15.18,21.87,97.72,97.84,98.73,42,2026-06-20T18:10:20,true,confirmed,0.6.4,2,13.3,610.62,1,16.0,64.0
REF_ALBE_20260620_OLLAMA_0.30_XGB_3.3,Alberto_B850,AMD Ryzen 5 9600X,NVIDIA GeForce RTX 5060 Ti,3.13.13,Windows-11-10.0.26200-SP0,ollama,0.30.10,gemma4:e4b,false,67.19,67.19,69.1,18.56,18.56,18.56,42,2026-06-20T18:13:47,true,confirmed,0.6.4,2,13.3,610.62,1,16.0,64.0
REF_ALBE_20260620_OLLAMA_0.30_XGB_3.3,Alberto_B850,AMD Ryzen 5 9600X,NVIDIA GeForce RTX 5060 Ti,3.13.13,Windows-11-10.0.26200-SP0,ollama,0.30.10,gemma4:26b,true,17.49,17.54,48.19,77.99,78.22,78.38,42,2026-06-20T18:15:14,true,confirmed,0.6.4,2,13.3,610.62,1,16.0,64.0
REF_ALBE_20260620_OLLAMA_0.30_XGB_3.3,Alberto_B850,AMD Ryzen 5 9600X,NVIDIA GeForce RTX 5060 Ti,3.13.13,Windows-11-10.0.26200-SP0,ollama,0.30.10,gemma4:26b,false,59.87,59.92,70.88,19.92,20.02,20.04,42,2026-06-20T18:18:28,true,confirmed,0.6.4,2,13.3,610.62,1,16.0,64.0
