run_id,machine,CPU,GPU,python,platform,bench,version,dataset_rows,gpu_used,train_median_s,infer_median_s,auc,seed,timestamp,reference,status,benchmark_version,schema_version,cuda_toolkit_version,nvidia_driver_version,gpu_count,gpu_vram_gb,system_ram_gb
REF_2,PC_AL_2015,Intel i5-4690K,NVIDIA Geforce GTX 1060,3.13.5,Windows-10-10.0.19045-SP0,xgboost,3.0.3,100000,true,1.66,0.01,0.80975,42,2025-07-23T23:13:28,true,confirmed,0.2.0,1,,,1,6.0,32.0
REF_2,PC_AL_2015,Intel i5-4690K,NVIDIA Geforce GTX 1060,3.13.5,Windows-10-10.0.19045-SP0,xgboost,3.0.3,100000,false,1.79,0.03,0.80892,42,2025-07-23T23:13:36,true,confirmed,0.2.0,1,,,1,6.0,32.0
REF_2,PC_AL_2015,Intel i5-4690K,NVIDIA Geforce GTX 1060,3.13.5,Windows-10-10.0.19045-SP0,xgboost,3.0.3,1000000,true,5.8,0.04,0.82262,42,2025-07-23T23:14:04,true,confirmed,0.2.0,1,,,1,6.0,32.0
REF_2,PC_AL_2015,Intel i5-4690K,NVIDIA Geforce GTX 1060,3.13.5,Windows-10-10.0.19045-SP0,xgboost,3.0.3,1000000,false,13.69,0.32,0.82227,42,2025-07-23T23:14:57,true,confirmed,0.2.0,1,,,1,6.0,32.0
REF_2,PC_AL_2015,Intel i5-4690K,NVIDIA Geforce GTX 1060,3.13.5,Windows-10-10.0.19045-SP0,xgboost,3.0.3,full,true,45.2,0.38,0.82495,42,2025-07-23T23:18:54,true,confirmed,0.2.0,1,,,1,6.0,32.0
REF_2,PC_AL_2015,Intel i5-4690K,NVIDIA Geforce GTX 1060,3.13.5,Windows-10-10.0.19045-SP0,xgboost,3.0.3,full,false,147.38,3.46,0.82489,42,2025-07-23T23:28:06,true,confirmed,0.2.0,1,,,1,6.0,32.0
REF_3,Mark1,AMD Ryzen 7 9800X3D,NVIDIA Geforce GTX 4080 SUPER,3.13.5,Linux-5.15.167.4-microsoft-standard-WSL2-x86_64-with-glibc2.39,xgboost,3.0.3,100000,true,0.88,0.01,0.81023,42,2025-07-26T12:04:36,true,confirmed,,1,,,1,16.0,
REF_3,Mark1,AMD Ryzen 7 9800X3D,NVIDIA Geforce GTX 4080 SUPER,3.13.5,Linux-5.15.167.4-microsoft-standard-WSL2-x86_64-with-glibc2.39,xgboost,3.0.3,100000,false,1.66,0.01,0.80963,42,2025-07-26T12:04:42,true,confirmed,,1,,,1,16.0,
REF_3,Mark1,AMD Ryzen 7 9800X3D,NVIDIA Geforce GTX 4080 SUPER,3.13.5,Linux-5.15.167.4-microsoft-standard-WSL2-x86_64-with-glibc2.39,xgboost,3.0.3,1000000,true,1.15,0.01,0.82277,42,2025-07-26T12:04:51,true,confirmed,,1,,,1,16.0,
REF_3,Mark1,AMD Ryzen 7 9800X3D,NVIDIA Geforce GTX 4080 SUPER,3.13.5,Linux-5.15.167.4-microsoft-standard-WSL2-x86_64-with-glibc2.39,xgboost,3.0.3,1000000,false,1.67,0.06,0.82306,42,2025-07-26T12:05:03,true,confirmed,,1,,,1,16.0,
REF_3,Mark1,AMD Ryzen 7 9800X3D,NVIDIA Geforce GTX 4080 SUPER,3.13.5,Linux-5.15.167.4-microsoft-standard-WSL2-x86_64-with-glibc2.39,xgboost,3.0.3,full,true,5.42,0.03,0.82486,42,2025-07-26T12:06:10,true,confirmed,,1,,,1,16.0,
REF_3,Mark1,AMD Ryzen 7 9800X3D,NVIDIA Geforce GTX 4080 SUPER,3.13.5,Linux-5.15.167.4-microsoft-standard-WSL2-x86_64-with-glibc2.39,xgboost,3.0.3,full,false,31.07,0.62,0.82495,42,2025-07-26T12:08:42,true,confirmed,,1,,,1,16.0,
REF_ALBE_20250829_OLLAMA_0.11_XGB_3.0,Alberto_B850,AMD Ryzen 5 9600X,NVIDIA GeForce RTX 5060 Ti,3.13.5,Windows-11-10.0.26100-SP0,xgboost,3.0.4,100000,true,0.75,0.01,0.81023,42,2025-08-29T19:50:06,true,confirmed,,1,,,,16.0,64.0
REF_ALBE_20250829_OLLAMA_0.11_XGB_3.0,Alberto_B850,AMD Ryzen 5 9600X,NVIDIA GeForce RTX 5060 Ti,3.13.5,Windows-11-10.0.26100-SP0,xgboost,3.0.4,100000,false,0.55,0.01,0.81072,42,2025-08-29T19:50:09,true,confirmed,,1,,,,16.0,64.0
REF_ALBE_20250829_OLLAMA_0.11_XGB_3.0,Alberto_B850,AMD Ryzen 5 9600X,NVIDIA GeForce RTX 5060 Ti,3.13.5,Windows-11-10.0.26100-SP0,xgboost,3.0.4,1000000,true,1.46,0.01,0.82277,42,2025-08-29T19:50:18,true,confirmed,,1,,,,16.0,64.0
REF_ALBE_20250829_OLLAMA_0.11_XGB_3.0,Alberto_B850,AMD Ryzen 5 9600X,NVIDIA GeForce RTX 5060 Ti,3.13.5,Windows-11-10.0.26100-SP0,xgboost,3.0.4,1000000,false,3.63,0.1,0.82276,42,2025-08-29T19:50:34,true,confirmed,,1,,,,16.0,64.0
REF_ALBE_20250829_OLLAMA_0.11_XGB_3.0,Alberto_B850,AMD Ryzen 5 9600X,NVIDIA GeForce RTX 5060 Ti,3.13.5,Windows-11-10.0.26100-SP0,xgboost,3.0.4,full,true,9.8,0.05,0.82486,42,2025-08-29T19:51:45,true,confirmed,,1,,,,16.0,64.0
REF_ALBE_20250829_OLLAMA_0.11_XGB_3.0,Alberto_B850,AMD Ryzen 5 9600X,NVIDIA GeForce RTX 5060 Ti,3.13.5,Windows-11-10.0.26100-SP0,xgboost,3.0.4,full,false,45.61,1.03,0.82495,42,2025-08-29T19:54:47,true,confirmed,,1,,,,16.0,64.0
REF_5,PC_CLAUDIO_2025,Intel i7-10750H,NVIDIA Quadro T2000,3.13.1,Windows-11-10.0.22621-SP0,xgboost,3.0.4,100000,true,1.29,0.01,0.81031,42,2025-09-13T20:09:58,true,confirmed,,1,,,,,
REF_5,PC_CLAUDIO_2025,Intel i7-10750H,NVIDIA Quadro T2000,3.13.1,Windows-11-10.0.22621-SP0,xgboost,3.0.4,100000,false,1.41,0.01,0.81072,42,2025-09-13T20:10:05,true,confirmed,,1,,,,,
REF_5,PC_CLAUDIO_2025,Intel i7-10750H,NVIDIA Quadro T2000,3.13.1,Windows-11-10.0.22621-SP0,xgboost,3.0.4,1000000,true,3.96,0.03,0.82262,42,2025-09-13T20:10:29,true,confirmed,,1,,,,,
REF_5,PC_CLAUDIO_2025,Intel i7-10750H,NVIDIA Quadro T2000,3.13.1,Windows-11-10.0.22621-SP0,xgboost,3.0.4,1000000,false,8.43,0.14,0.82276,42,2025-09-13T20:11:05,true,confirmed,,1,,,,,
REF_5,PC_CLAUDIO_2025,Intel i7-10750H,NVIDIA Quadro T2000,3.13.1,Windows-11-10.0.22621-SP0,xgboost,3.0.4,full,true,32.0,0.25,0.82505,42,2025-09-13T20:14:28,true,confirmed,,1,,,,,
REF_5,PC_CLAUDIO_2025,Intel i7-10750H,NVIDIA Quadro T2000,3.13.1,Windows-11-10.0.22621-SP0,xgboost,3.0.4,full,false,93.24,1.49,0.82495,42,2025-09-13T20:21:02,true,confirmed,,1,,,,,
20250915T132157Z_3A304,Desktop-24F9IK9,AMD Ryzen 9 5900X @4.3GHz,NVIDIA Geforce GTX 1080 OC,3.13.7,Windows-10-10.0.19045-SP0,xgboost,3.0.5,100000,true,1.51,0.01,0.80975,42,2025-09-20T06:58:09,true,confirmed,,1,,,1,8.0,
20250915T132157Z_3A304,Desktop-24F9IK9,AMD Ryzen 9 5900X @4.3GHz,NVIDIA Geforce GTX 1080 OC,3.13.7,Windows-10-10.0.19045-SP0,xgboost,3.0.5,100000,false,0.86,0.01,0.80875,42,2025-09-20T06:58:19,true,confirmed,,1,,,1,8.0,
20250915T132157Z_3A304,Desktop-24F9IK9,AMD Ryzen 9 5900X @4.3GHz,NVIDIA Geforce GTX 1080 OC,3.13.7,Windows-10-10.0.19045-SP0,xgboost,3.0.5,1000000,true,2.04,0.01,0.82293,42,2025-09-20T06:58:39,true,confirmed,,1,,,1,8.0,
20250915T132157Z_3A304,Desktop-24F9IK9,AMD Ryzen 9 5900X @4.3GHz,NVIDIA Geforce GTX 1080 OC,3.13.7,Windows-10-10.0.19045-SP0,xgboost,3.0.5,1000000,false,3.38,0.05,0.82268,42,2025-09-20T06:59:03,true,confirmed,,1,,,1,8.0,
20250915T132157Z_3A304,Desktop-24F9IK9,AMD Ryzen 9 5900X @4.3GHz,NVIDIA Geforce GTX 1080 OC,3.13.7,Windows-10-10.0.19045-SP0,xgboost,3.0.5,full,true,6.61,0.03,0.8248,42,2025-09-20T07:00:59,true,confirmed,,1,,,1,8.0,
20250915T132157Z_3A304,Desktop-24F9IK9,AMD Ryzen 9 5900X @4.3GHz,NVIDIA Geforce GTX 1080 OC,3.13.7,Windows-10-10.0.19045-SP0,xgboost,3.0.5,full,false,28.83,0.44,0.82461,42,2025-09-20T07:03:55,true,confirmed,,1,,,1,8.0,
20250922T103551Z_A22F2,BVI IA  : BVI3D 102,Xeon 32vcpu,NVIDIA L40S 8Q,3.13.7,Windows-10-10.0.19045-SP0,xgboost,3.0.5,100000,true,1.56,0.01,0.80975,42,2025-09-22T12:36:05,true,confirmed,,1,,,,8.0,
20250922T103551Z_A22F2,BVI IA  : BVI3D 102,Xeon 32vcpu,NVIDIA L40S 8Q,3.13.7,Windows-10-10.0.19045-SP0,xgboost,3.0.5,100000,false,0.84,0.01,0.80875,42,2025-09-22T12:36:15,true,confirmed,,1,,,,8.0,
20250922T103551Z_A22F2,BVI IA  : BVI3D 102,Xeon 32vcpu,NVIDIA L40S 8Q,3.13.7,Windows-10-10.0.19045-SP0,xgboost,3.0.5,1000000,true,2.04,0.01,0.82293,42,2025-09-22T12:36:35,true,confirmed,,1,,,,8.0,
20250922T103551Z_A22F2,BVI IA  : BVI3D 102,Xeon 32vcpu,NVIDIA L40S 8Q,3.13.7,Windows-10-10.0.19045-SP0,xgboost,3.0.5,1000000,false,3.26,0.05,0.82268,42,2025-09-22T12:36:59,true,confirmed,,1,,,,8.0,
20250922T103551Z_A22F2,BVI IA  : BVI3D 102,Xeon 32vcpu,NVIDIA L40S 8Q,3.13.7,Windows-10-10.0.19045-SP0,xgboost,3.0.5,full,true,6.45,0.03,0.8248,42,2025-09-22T12:38:47,true,confirmed,,1,,,,8.0,
20250922T103551Z_A22F2,BVI IA  : BVI3D 102,Xeon 32vcpu,NVIDIA L40S 8Q,3.13.7,Windows-10-10.0.19045-SP0,xgboost,3.0.5,full,false,29.09,0.47,0.82461,42,2025-09-22T12:41:44,true,confirmed,,1,,,,8.0,
20250928T194646Z_96B4D,PC_LMENC_2021,AMD Ryzen 5 3600XT,NVIDIA Geforce RTX 2060,3.13.7,Linux-6.14.0-29-generic-x86_64-with-glibc2.39,xgboost,3.0.5,100000,true,0.69,0.0,0.80975,42,2025-09-28T21:47:36,true,confirmed,,1,,,1,6.0,
20250928T194646Z_96B4D,PC_LMENC_2021,AMD Ryzen 5 3600XT,NVIDIA Geforce RTX 2060,3.13.7,Linux-6.14.0-29-generic-x86_64-with-glibc2.39,xgboost,3.0.5,100000,false,0.82,0.02,0.80963,42,2025-09-28T21:47:40,true,confirmed,,1,,,1,6.0,
20250928T194646Z_96B4D,PC_LMENC_2021,AMD Ryzen 5 3600XT,NVIDIA Geforce RTX 2060,3.13.7,Linux-6.14.0-29-generic-x86_64-with-glibc2.39,xgboost,3.0.5,1000000,true,2.14,0.01,0.82293,42,2025-09-28T21:47:50,true,confirmed,,1,,,1,6.0,
20250928T194646Z_96B4D,PC_LMENC_2021,AMD Ryzen 5 3600XT,NVIDIA Geforce RTX 2060,3.13.7,Linux-6.14.0-29-generic-x86_64-with-glibc2.39,xgboost,3.0.5,1000000,false,4.77,0.16,0.82306,42,2025-09-28T21:48:08,true,confirmed,,1,,,1,6.0,
20250928T194646Z_96B4D,PC_LMENC_2021,AMD Ryzen 5 3600XT,NVIDIA Geforce RTX 2060,3.13.7,Linux-6.14.0-29-generic-x86_64-with-glibc2.39,xgboost,3.0.5,full,true,16.84,0.11,0.82511,42,2025-09-28T21:49:08,true,confirmed,,1,,,1,6.0,
20250928T194646Z_96B4D,PC_LMENC_2021,AMD Ryzen 5 3600XT,NVIDIA Geforce RTX 2060,3.13.7,Linux-6.14.0-29-generic-x86_64-with-glibc2.39,xgboost,3.0.5,full,false,65.65,1.73,0.82495,42,2025-09-28T21:52:39,true,confirmed,,1,,,1,6.0,
20251017T153806Z_7BEE7,MAC_M4,Apple Silicon M4,Apple M4 Pro,3.13.8,macOS-15.7.1-arm64-arm-64bit-Mach-O,xgboost,3.0.5,100000,false,0.76,0.01,0.80983,42,2025-10-17T17:38:12,true,confirmed,,1,,,,,
20251017T153806Z_7BEE7,MAC_M4,Apple Silicon M4,Apple M4 Pro,3.13.8,macOS-15.7.1-arm64-arm-64bit-Mach-O,xgboost,3.0.5,1000000,false,2.09,0.05,0.82309,42,2025-10-17T17:38:20,true,confirmed,,1,,,,,
20251017T153806Z_7BEE7,MAC_M4,Apple Silicon M4,Apple M4 Pro,3.13.8,macOS-15.7.1-arm64-arm-64bit-Mach-O,xgboost,3.0.5,full,false,20.58,0.5,0.82472,42,2025-10-17T17:39:28,true,confirmed,,1,,,,,
20251028T094637Z_B2247,asoldano,Intel i7-11850H,Intel TigerLake-H GT1 (integrated),3.13.7,Linux-6.17.4-200.fc42.x86_64-x86_64-with-glibc2.41,xgboost,3.0.5,100000,false,0.59,0.01,0.80963,42,2025-10-28T10:47:01,true,confirmed,,1,,,1,,
20251028T094637Z_B2247,asoldano,Intel i7-11850H,Intel TigerLake-H GT1 (integrated),3.13.7,Linux-6.17.4-200.fc42.x86_64-x86_64-with-glibc2.41,xgboost,3.0.5,1000000,false,4.8,0.07,0.82306,42,2025-10-28T10:47:24,true,confirmed,,1,,,1,,
20251028T094637Z_B2247,asoldano,Intel i7-11850H,Intel TigerLake-H GT1 (integrated),3.13.7,Linux-6.17.4-200.fc42.x86_64-x86_64-with-glibc2.41,xgboost,3.0.5,full,false,79.64,1.25,0.82495,42,2025-10-28T10:51:41,true,confirmed,,1,,,1,,
20251115T145658Z_6DBD1,warmachine123,AMD Ryzen 7 8700F,NVIDIA Geforce GTX 1660,3.13.9,Windows-11-10.0.26100-SP0,xgboost,3.0.5,100000,false,0.69,0.01,0.80926,42,2025-11-15T21:57:04,true,confirmed,,1,,,1,,
20251115T145658Z_6DBD1,warmachine123,AMD Ryzen 7 8700F,NVIDIA Geforce GTX 1660,3.13.9,Windows-11-10.0.26100-SP0,xgboost,3.0.5,100000,true,3.83,0.11,0.80975,42,2025-11-15T21:57:13,true,confirmed,,1,,,1,,
20251115T145658Z_6DBD1,warmachine123,AMD Ryzen 7 8700F,NVIDIA Geforce GTX 1660,3.13.9,Windows-11-10.0.26100-SP0,xgboost,3.0.5,1000000,false,3.99,0.09,0.823,42,2025-11-15T21:57:22,true,confirmed,,1,,,1,,
20251115T145658Z_6DBD1,warmachine123,AMD Ryzen 7 8700F,NVIDIA Geforce GTX 1660,3.13.9,Windows-11-10.0.26100-SP0,xgboost,3.0.5,1000000,true,3.42,0.04,0.82262,42,2025-11-15T21:57:31,true,confirmed,,1,,,1,,
20251115T145658Z_6DBD1,warmachine123,AMD Ryzen 7 8700F,NVIDIA Geforce GTX 1660,3.13.9,Windows-11-10.0.26100-SP0,xgboost,3.0.5,full,false,49.45,0.98,0.82483,42,2025-11-15T21:58:28,true,confirmed,,1,,,1,,
20251115T145658Z_6DBD1,warmachine123,AMD Ryzen 7 8700F,NVIDIA Geforce GTX 1660,3.13.9,Windows-11-10.0.26100-SP0,xgboost,3.0.5,full,true,23.75,0.2,0.82503,42,2025-11-15T21:59:00,true,confirmed,,1,,,1,,
20251117T083207Z_931B5,fedora,AMD Ryzen AI MAX+ 395,AMD Radeon 8060S (integrated),3.13.7,Linux-6.17.6-200.vanilla.fc42.x86_64-x86_64-with-glibc2.41,xgboost,3.0.5,100000,false,0.66,0.01,0.80963,42,2025-11-17T09:32:13,true,confirmed,,1,,,,,
20251117T083207Z_931B5,fedora,AMD Ryzen AI MAX+ 395,AMD Radeon 8060S (integrated),3.13.7,Linux-6.17.6-200.vanilla.fc42.x86_64-x86_64-with-glibc2.41,xgboost,3.0.5,1000000,false,1.96,0.03,0.82306,42,2025-11-17T09:32:23,true,confirmed,,1,,,,,
20251117T083207Z_931B5,fedora,AMD Ryzen AI MAX+ 395,AMD Radeon 8060S (integrated),3.13.7,Linux-6.17.6-200.vanilla.fc42.x86_64-x86_64-with-glibc2.41,xgboost,3.0.5,full,false,19.38,0.38,0.82495,42,2025-11-17T09:33:32,true,confirmed,,1,,,,,
20251201T090917Z_81C78,saic,Intel(R) Core(TM) Ultra 9 275HX,Nvidia RTX 5080 Laptop GPU,3.13.9,Linux-6.6.87.2-microsoft-standard-WSL2-x86_64-with-glibc2.39,xgboost,3.0.5,100000,true,1.14,0.01,0.81023,42,2025-12-01T17:09:26,true,confirmed,,1,,,,,
20251201T090917Z_81C78,saic,Intel(R) Core(TM) Ultra 9 275HX,Nvidia RTX 5080 Laptop GPU,3.13.9,Linux-6.6.87.2-microsoft-standard-WSL2-x86_64-with-glibc2.39,xgboost,3.0.5,100000,false,1.06,0.0,0.80963,42,2025-12-01T17:09:36,true,confirmed,,1,,,,,
20251201T090917Z_81C78,saic,Intel(R) Core(TM) Ultra 9 275HX,Nvidia RTX 5080 Laptop GPU,3.13.9,Linux-6.6.87.2-microsoft-standard-WSL2-x86_64-with-glibc2.39,xgboost,3.0.5,1000000,true,1.81,0.01,0.82277,42,2025-12-01T17:09:46,true,confirmed,,1,,,,,
20251201T090917Z_81C78,saic,Intel(R) Core(TM) Ultra 9 275HX,Nvidia RTX 5080 Laptop GPU,3.13.9,Linux-6.6.87.2-microsoft-standard-WSL2-x86_64-with-glibc2.39,xgboost,3.0.5,1000000,false,3.11,0.03,0.82306,42,2025-12-01T17:10:00,true,confirmed,,1,,,,,
20251201T090917Z_81C78,saic,Intel(R) Core(TM) Ultra 9 275HX,Nvidia RTX 5080 Laptop GPU,3.13.9,Linux-6.6.87.2-microsoft-standard-WSL2-x86_64-with-glibc2.39,xgboost,3.0.5,full,true,8.5,0.05,0.82486,42,2025-12-01T17:10:36,true,confirmed,,1,,,,,
20251201T090917Z_81C78,saic,Intel(R) Core(TM) Ultra 9 275HX,Nvidia RTX 5080 Laptop GPU,3.13.9,Linux-6.6.87.2-microsoft-standard-WSL2-x86_64-with-glibc2.39,xgboost,3.0.5,full,false,36.54,0.43,0.82495,42,2025-12-01T17:12:36,true,confirmed,,1,,,,,
20251206T175528Z_6B605,Nish_Mega_PC,Intel(R) Core(TM) Ultra 9 275HX,NVIDIA Geforce RTX 5070 Ti Laptop,3.13.11,Windows-11-10.0.26200-SP0,xgboost,3.0.5,100000,false,0.48,0.0,0.80871,42,2025-12-06T12:56:13,true,confirmed,,1,,,1,12.0,
20251206T175528Z_6B605,Nish_Mega_PC,Intel(R) Core(TM) Ultra 9 275HX,NVIDIA Geforce RTX 5070 Ti Laptop,3.13.11,Windows-11-10.0.26200-SP0,xgboost,3.0.5,1000000,false,2.82,0.03,0.82267,42,2025-12-06T12:56:31,true,confirmed,,1,,,1,12.0,
20251206T175528Z_6B605,Nish_Mega_PC,Intel(R) Core(TM) Ultra 9 275HX,NVIDIA Geforce RTX 5070 Ti Laptop,3.13.11,Windows-11-10.0.26200-SP0,xgboost,3.0.5,full,false,38.87,0.37,0.82466,42,2025-12-06T12:58:46,true,confirmed,,1,,,1,12.0,
20260218T054302Z_38336,grAImatter,Intel(R) Core(TM) Ultra 7 265K,Nvidia RTX 5080,3.13.12,Windows-11-10.0.26200-SP0,xgboost,3.0.5,100000,false,0.49,0.0,0.80947,42,2026-02-17T21:43:56,true,confirmed,,1,,,,,
20260218T054302Z_38336,grAImatter,Intel(R) Core(TM) Ultra 7 265K,Nvidia RTX 5080,3.13.12,Windows-11-10.0.26200-SP0,xgboost,3.0.5,1000000,false,3.23,0.04,0.82295,42,2026-02-17T21:44:16,true,confirmed,,1,,,,,
20260218T054302Z_38336,grAImatter,Intel(R) Core(TM) Ultra 7 265K,Nvidia RTX 5080,3.13.12,Windows-11-10.0.26200-SP0,xgboost,3.0.5,full,false,45.49,0.42,0.82487,42,2026-02-17T21:46:51,true,confirmed,,1,,,,,
20260224T120034Z_78FC4,Msi Katana 15 B13V,Intel i7-13620H,NVIDIA Geforce RTX 4060,3.13.12,Windows-11-10.0.26200-SP0,xgboost,3.0.5,100000,false,1.11,0.01,0.80926,42,2026-02-24T13:01:00,true,confirmed,,1,,,1,8.0,
20260224T120034Z_78FC4,Msi Katana 15 B13V,Intel i7-13620H,NVIDIA Geforce RTX 4060,3.13.12,Windows-11-10.0.26200-SP0,xgboost,3.0.5,1000000,false,6.08,0.08,0.823,42,2026-02-24T13:01:30,true,confirmed,,1,,,1,8.0,
20260224T120034Z_78FC4,Msi Katana 15 B13V,Intel i7-13620H,NVIDIA Geforce RTX 4060,3.13.12,Windows-11-10.0.26200-SP0,xgboost,3.0.5,full,false,73.64,0.91,0.82483,42,2026-02-24T13:05:31,true,confirmed,,1,,,1,8.0,
20260303T163606Z_67CC2,mbp-47,Macbook Pro M5,Macbook Pro M5,3.13.11,macOS-26.2-arm64-arm-64bit-Mach-O,xgboost,3.0.5,100000,false,0.66,0.01,0.80983,42,2026-03-03T10:36:13,true,confirmed,,1,,,,,
20260303T163606Z_67CC2,mbp-47,Macbook Pro M5,Macbook Pro M5,3.13.11,macOS-26.2-arm64-arm-64bit-Mach-O,xgboost,3.0.5,1000000,false,2.95,0.08,0.82309,42,2026-03-03T10:36:26,true,confirmed,,1,,,,,
20260303T163606Z_67CC2,mbp-47,Macbook Pro M5,Macbook Pro M5,3.13.11,macOS-26.2-arm64-arm-64bit-Mach-O,xgboost,3.0.5,full,false,33.0,0.86,0.82472,42,2026-03-03T10:38:17,true,confirmed,,1,,,,,
20260328T135253Z_963EA,Maxime-PC,Intel i5-13600KF,NVIDIA Geforce RTX 5070 Ti,3.13.0,Windows-11-10.0.26200-SP0,xgboost,3.0.5,100000,true,0.79,0.01,0.81023,42,2026-03-28T14:54:21,true,confirmed,,1,,,1,16.0,
20260328T135253Z_963EA,Maxime-PC,Intel i5-13600KF,NVIDIA Geforce RTX 5070 Ti,3.13.0,Windows-11-10.0.26200-SP0,xgboost,3.0.5,100000,false,0.67,0.01,0.80947,42,2026-03-28T14:54:28,true,confirmed,,1,,,1,16.0,
20260328T135253Z_963EA,Maxime-PC,Intel i5-13600KF,NVIDIA Geforce RTX 5070 Ti,3.13.0,Windows-11-10.0.26200-SP0,xgboost,3.0.5,1000000,true,1.13,0.02,0.82277,42,2026-03-28T14:54:38,true,confirmed,,1,,,1,16.0,
20260328T135253Z_963EA,Maxime-PC,Intel i5-13600KF,NVIDIA Geforce RTX 5070 Ti,3.13.0,Windows-11-10.0.26200-SP0,xgboost,3.0.5,1000000,false,4.63,0.06,0.82295,42,2026-03-28T14:54:58,true,confirmed,,1,,,1,16.0,
20260328T135253Z_963EA,Maxime-PC,Intel i5-13600KF,NVIDIA Geforce RTX 5070 Ti,3.13.0,Windows-11-10.0.26200-SP0,xgboost,3.0.5,full,true,5.44,0.03,0.82486,42,2026-03-28T14:55:27,true,confirmed,,1,,,1,16.0,
20260328T135253Z_963EA,Maxime-PC,Intel i5-13600KF,NVIDIA Geforce RTX 5070 Ti,3.13.0,Windows-11-10.0.26200-SP0,xgboost,3.0.5,full,false,64.08,0.63,0.82487,42,2026-03-28T14:58:51,true,confirmed,,1,,,1,16.0,
20260331T180119Z_48386,dgx-spark,Nvidia DGX Spark (Nvidia Grace),NVIDIA Blackwell GB10 LPDDR5x,3.13.12,Linux-6.17.0-1014-nvidia-aarch64-with-glibc2.39,xgboost,3.2.0,100000,true,0.48,0.0,0.81023,42,2026-03-31T20:01:24,true,confirmed,,1,,,1,128.0,
20260331T180119Z_48386,dgx-spark,Nvidia DGX Spark (Nvidia Grace),NVIDIA Blackwell GB10 LPDDR5x,3.13.12,Linux-6.17.0-1014-nvidia-aarch64-with-glibc2.39,xgboost,3.2.0,100000,false,0.61,0.01,0.80963,42,2026-03-31T20:01:30,true,confirmed,,1,,,1,128.0,
20260331T180119Z_48386,dgx-spark,Nvidia DGX Spark (Nvidia Grace),NVIDIA Blackwell GB10 LPDDR5x,3.13.12,Linux-6.17.0-1014-nvidia-aarch64-with-glibc2.39,xgboost,3.2.0,1000000,true,1.43,0.01,0.82303,42,2026-03-31T20:01:38,true,confirmed,,1,,,1,128.0,
20260331T180119Z_48386,dgx-spark,Nvidia DGX Spark (Nvidia Grace),NVIDIA Blackwell GB10 LPDDR5x,3.13.12,Linux-6.17.0-1014-nvidia-aarch64-with-glibc2.39,xgboost,3.2.0,1000000,false,5.61,0.04,0.82306,42,2026-03-31T20:01:58,true,confirmed,,1,,,1,128.0,
20260331T180119Z_48386,dgx-spark,Nvidia DGX Spark (Nvidia Grace),NVIDIA Blackwell GB10 LPDDR5x,3.13.12,Linux-6.17.0-1014-nvidia-aarch64-with-glibc2.39,xgboost,3.2.0,full,true,12.93,0.11,0.82476,42,2026-03-31T20:02:44,true,confirmed,,1,,,1,128.0,
20260331T180119Z_48386,dgx-spark,Nvidia DGX Spark (Nvidia Grace),NVIDIA Blackwell GB10 LPDDR5x,3.13.12,Linux-6.17.0-1014-nvidia-aarch64-with-glibc2.39,xgboost,3.2.0,full,false,34.06,0.32,0.82495,42,2026-03-31T20:04:34,true,confirmed,,1,,,1,128.0,
20260402T145540Z_36287,PF_X1,Intel i7-12800H,NVIDIA Geforce RTX 3050 Ti Laptop,3.13.12,Windows-11-10.0.22631-SP0,xgboost,3.0.5,100000,false,1.69,0.02,0.80947,42,2026-04-02T16:58:02,true,confirmed,,1,,,1,4.0,
20260402T145540Z_36287,PF_X1,Intel i7-12800H,NVIDIA Geforce RTX 3050 Ti Laptop,3.13.12,Windows-11-10.0.22631-SP0,xgboost,3.0.5,1000000,false,7.94,0.12,0.82295,42,2026-04-02T16:58:42,true,confirmed,,1,,,1,4.0,
20260402T145540Z_36287,PF_X1,Intel i7-12800H,NVIDIA Geforce RTX 3050 Ti Laptop,3.13.12,Windows-11-10.0.22631-SP0,xgboost,3.0.5,full,false,82.48,1.05,0.82487,42,2026-04-02T17:03:19,true,confirmed,,1,,,1,4.0,
20260403T202354Z_E2D8A,Micio1970,AMD Ryzen AI 9 HX 370,AMD Radeon 890M Graphics (integrated),3.13.11,Windows-11-10.0.26200-SP0,xgboost,3.0.5,100000,false,1.51,0.02,0.80871,42,2026-04-03T22:24:53,true,confirmed,,1,,,,,
20260403T202354Z_E2D8A,Micio1970,AMD Ryzen AI 9 HX 370,AMD Radeon 890M Graphics (integrated),3.13.11,Windows-11-10.0.26200-SP0,xgboost,3.0.5,1000000,false,7.48,0.12,0.82267,42,2026-04-03T22:25:26,true,confirmed,,1,,,,,
20260403T202354Z_E2D8A,Micio1970,AMD Ryzen AI 9 HX 370,AMD Radeon 890M Graphics (integrated),3.13.11,Windows-11-10.0.26200-SP0,xgboost,3.0.5,full,false,73.13,1.27,0.82466,42,2026-04-03T22:29:39,true,confirmed,,1,,,,,
20260412T110143Z_6D578,Mac m1 pro da lavoro,Apple M1 Pro,Apple M1 Pro,3.13.12,macOS-26.3.1-arm64-arm-64bit-Mach-O,xgboost,3.0.5,100000,false,1.1,0.02,0.80983,42,2026-04-12T13:01:50,true,confirmed,,1,,,,,
20260412T110143Z_6D578,Mac m1 pro da lavoro,Apple M1 Pro,Apple M1 Pro,3.13.12,macOS-26.3.1-arm64-arm-64bit-Mach-O,xgboost,3.0.5,1000000,false,4.19,0.12,0.82309,42,2026-04-12T13:02:06,true,confirmed,,1,,,,,
20260412T110143Z_6D578,Mac m1 pro da lavoro,Apple M1 Pro,Apple M1 Pro,3.13.12,macOS-26.3.1-arm64-arm-64bit-Mach-O,xgboost,3.0.5,full,false,39.45,1.29,0.82472,42,2026-04-12T13:04:15,true,confirmed,,1,,,,,
REF_ALBE_20260418_OLLAMA_0.21_XGB_3.2,Alberto_B850,AMD Ryzen 5 9600X,NVIDIA GeForce RTX 5060 Ti,3.13.13,Windows-11-10.0.26200-SP0,xgboost,3.2.0,100000,true,0.73,0.03,0.81023,42,2026-04-18T16:54:10,true,confirmed,0.6.2,2,13.2,596.21,1,16.0,64.0
REF_ALBE_20260418_OLLAMA_0.21_XGB_3.2,Alberto_B850,AMD Ryzen 5 9600X,NVIDIA GeForce RTX 5060 Ti,3.13.13,Windows-11-10.0.26200-SP0,xgboost,3.2.0,100000,false,0.58,0.01,0.81072,42,2026-04-18T16:54:16,true,confirmed,0.6.2,2,13.2,596.21,1,16.0,64.0
REF_ALBE_20260418_OLLAMA_0.21_XGB_3.2,Alberto_B850,AMD Ryzen 5 9600X,NVIDIA GeForce RTX 5060 Ti,3.13.13,Windows-11-10.0.26200-SP0,xgboost,3.2.0,1000000,true,1.23,0.02,0.82277,42,2026-04-18T16:54:24,true,confirmed,0.6.2,2,13.2,596.21,1,16.0,64.0
REF_ALBE_20260418_OLLAMA_0.21_XGB_3.2,Alberto_B850,AMD Ryzen 5 9600X,NVIDIA GeForce RTX 5060 Ti,3.13.13,Windows-11-10.0.26200-SP0,xgboost,3.2.0,1000000,false,4.21,0.08,0.82276,42,2026-04-18T16:54:41,true,confirmed,0.6.2,2,13.2,596.21,1,16.0,64.0
REF_ALBE_20260418_OLLAMA_0.21_XGB_3.2,Alberto_B850,AMD Ryzen 5 9600X,NVIDIA GeForce RTX 5060 Ti,3.13.13,Windows-11-10.0.26200-SP0,xgboost,3.2.0,full,true,8.52,0.06,0.82486,42,2026-04-18T16:55:15,true,confirmed,0.6.2,2,13.2,596.21,1,16.0,64.0
REF_ALBE_20260418_OLLAMA_0.21_XGB_3.2,Alberto_B850,AMD Ryzen 5 9600X,NVIDIA GeForce RTX 5060 Ti,3.13.13,Windows-11-10.0.26200-SP0,xgboost,3.2.0,full,false,53.23,0.78,0.82495,42,2026-04-18T16:58:04,true,confirmed,0.6.2,2,13.2,596.21,1,16.0,64.0
20260419T103705Z_4C034,MIRCO,Intel i9-12900K,NVIDIA GeForce RTX 5070 Ti,3.13.13,Windows-11-10.0.26200-SP0,xgboost,3.2.0,100000,true,0.69,0.01,0.81023,42,2026-04-19T12:42:10,true,confirmed,0.6.2,2,13.2,595.97,1,16.0,32.0
20260419T103705Z_4C034,MIRCO,Intel i9-12900K,NVIDIA GeForce RTX 5070 Ti,3.13.13,Windows-11-10.0.26200-SP0,xgboost,3.2.0,100000,false,0.72,0.01,0.80871,42,2026-04-19T12:42:20,true,confirmed,0.6.2,2,13.2,595.97,1,16.0,32.0
20260419T103705Z_4C034,MIRCO,Intel i9-12900K,NVIDIA GeForce RTX 5070 Ti,3.13.13,Windows-11-10.0.26200-SP0,xgboost,3.2.0,1000000,true,1.02,0.01,0.82277,42,2026-04-19T12:42:30,true,confirmed,0.6.2,2,13.2,595.97,1,16.0,32.0
20260419T103705Z_4C034,MIRCO,Intel i9-12900K,NVIDIA GeForce RTX 5070 Ti,3.13.13,Windows-11-10.0.26200-SP0,xgboost,3.2.0,1000000,false,4.96,0.04,0.82267,42,2026-04-19T12:42:52,true,confirmed,0.6.2,2,13.2,595.97,1,16.0,32.0
20260419T103705Z_4C034,MIRCO,Intel i9-12900K,NVIDIA GeForce RTX 5070 Ti,3.13.13,Windows-11-10.0.26200-SP0,xgboost,3.2.0,full,true,4.92,0.04,0.82486,42,2026-04-19T12:43:19,true,confirmed,0.6.2,2,13.2,595.97,1,16.0,32.0
20260419T103705Z_4C034,MIRCO,Intel i9-12900K,NVIDIA GeForce RTX 5070 Ti,3.13.13,Windows-11-10.0.26200-SP0,xgboost,3.2.0,full,false,81.86,1.47,0.82466,42,2026-04-19T12:48:11,true,confirmed,0.6.2,2,13.2,595.97,1,16.0,32.0
20260425T144131Z_B4117,ATIRONI-07,Intel(R) Core(TM) Ultra 7 155H,NVIDIA RTX 1000 Ada Generation Laptop GPU,3.13.13,Windows-11-10.0.26200-SP0,xgboost,3.2.0,100000,true,0.99,0.02,0.80975,42,2026-04-25T16:41:42,true,confirmed,0.6.2,2,12.8,573.71,1,6.0,32.0
20260425T144131Z_B4117,ATIRONI-07,Intel(R) Core(TM) Ultra 7 155H,NVIDIA RTX 1000 Ada Generation Laptop GPU,3.13.13,Windows-11-10.0.26200-SP0,xgboost,3.2.0,100000,false,1.85,0.02,0.80777,42,2026-04-25T16:41:56,true,confirmed,0.6.2,2,12.8,573.71,1,6.0,32.0
20260425T144131Z_B4117,ATIRONI-07,Intel(R) Core(TM) Ultra 7 155H,NVIDIA RTX 1000 Ada Generation Laptop GPU,3.13.13,Windows-11-10.0.26200-SP0,xgboost,3.2.0,1000000,true,2.21,0.02,0.82262,42,2026-04-25T16:42:12,true,confirmed,0.6.2,2,12.8,573.71,1,6.0,32.0
20260425T144131Z_B4117,ATIRONI-07,Intel(R) Core(TM) Ultra 7 155H,NVIDIA RTX 1000 Ada Generation Laptop GPU,3.13.13,Windows-11-10.0.26200-SP0,xgboost,3.2.0,1000000,false,12.19,0.13,0.82269,42,2026-04-25T16:42:59,true,confirmed,0.6.2,2,12.8,573.71,1,6.0,32.0
20260425T144131Z_B4117,ATIRONI-07,Intel(R) Core(TM) Ultra 7 155H,NVIDIA RTX 1000 Ada Generation Laptop GPU,3.13.13,Windows-11-10.0.26200-SP0,xgboost,3.2.0,full,true,18.76,0.11,0.82539,42,2026-04-25T16:44:17,true,confirmed,0.6.2,2,12.8,573.71,1,6.0,32.0
20260425T144131Z_B4117,ATIRONI-07,Intel(R) Core(TM) Ultra 7 155H,NVIDIA RTX 1000 Ada Generation Laptop GPU,3.13.13,Windows-11-10.0.26200-SP0,xgboost,3.2.0,full,false,142.27,1.43,0.82515,42,2026-04-25T16:52:11,true,confirmed,0.6.2,2,12.8,573.71,1,6.0,32.0
20260515T211732Z_4443B,GENIUS,AMD Ryzen 7 7700X,NVIDIA GeForce RTX 4090,3.13.13,Windows-11-10.0.26200-SP0,xgboost,3.2.0,100000,true,0.6,0.01,0.81023,42,2026-05-15T23:18:42,true,confirmed,0.6.2,2,12.9,596.36,2,24.0,64.0
20260515T211732Z_4443B,GENIUS,AMD Ryzen 7 7700X,NVIDIA GeForce RTX 4090,3.13.13,Windows-11-10.0.26200-SP0,xgboost,3.2.0,100000,false,0.59,0.01,0.80926,42,2026-05-15T23:18:49,true,confirmed,0.6.2,2,12.9,596.36,2,24.0,64.0
20260515T211732Z_4443B,GENIUS,AMD Ryzen 7 7700X,NVIDIA GeForce RTX 4090,3.13.13,Windows-11-10.0.26200-SP0,xgboost,3.2.0,1000000,true,0.9,0.02,0.82277,42,2026-05-15T23:18:57,true,confirmed,0.6.2,2,12.9,596.36,2,24.0,64.0
20260515T211732Z_4443B,GENIUS,AMD Ryzen 7 7700X,NVIDIA GeForce RTX 4090,3.13.13,Windows-11-10.0.26200-SP0,xgboost,3.2.0,1000000,false,3.79,0.07,0.823,42,2026-05-15T23:19:13,true,confirmed,0.6.2,2,12.9,596.36,2,24.0,64.0
20260515T211732Z_4443B,GENIUS,AMD Ryzen 7 7700X,NVIDIA GeForce RTX 4090,3.13.13,Windows-11-10.0.26200-SP0,xgboost,3.2.0,full,true,3.86,0.03,0.82486,42,2026-05-15T23:19:33,true,confirmed,0.6.2,2,12.9,596.36,2,24.0,64.0
20260515T211732Z_4443B,GENIUS,AMD Ryzen 7 7700X,NVIDIA GeForce RTX 4090,3.13.13,Windows-11-10.0.26200-SP0,xgboost,3.2.0,full,false,55.06,0.78,0.82483,42,2026-05-15T23:22:32,true,confirmed,0.6.2,2,12.9,596.36,2,24.0,64.0
20260524T080256Z_73019,HP5625U,AMD Ryzen 5 5625U with Radeon Graphics,AMD Radeon (TM) Graphics,3.13.13,Windows-11-10.0.26200-SP0,xgboost,3.2.0,100000,false,1.36,0.02,0.81072,42,2026-05-24T10:03:14,true,confirmed,0.6.3,2,,,1,1.0,8.0
20260524T080256Z_73019,HP5625U,AMD Ryzen 5 5625U with Radeon Graphics,AMD Radeon (TM) Graphics,3.13.13,Windows-11-10.0.26200-SP0,xgboost,3.2.0,1000000,false,11.09,0.19,0.82276,42,2026-05-24T10:04:00,true,confirmed,0.6.3,2,,,1,1.0,8.0
20260524T080256Z_73019,HP5625U,AMD Ryzen 5 5625U with Radeon Graphics,AMD Radeon (TM) Graphics,3.13.13,Windows-11-10.0.26200-SP0,xgboost,3.2.0,full,false,143.33,2.09,0.82495,42,2026-05-24T10:11:39,true,confirmed,0.6.3,2,,,1,1.0,8.0
REF_ALBE_20260620_OLLAMA_0.30_XGB_3.3,Alberto_B850,AMD Ryzen 5 9600X,NVIDIA GeForce RTX 5060 Ti,3.13.13,Windows-11-10.0.26200-SP0,xgboost,3.3.0,100000,true,0.65,0.01,0.80961,42,2026-06-20T17:08:28,true,confirmed,0.6.4,2,13.3,610.62,1,16.0,64.0
REF_ALBE_20260620_OLLAMA_0.30_XGB_3.3,Alberto_B850,AMD Ryzen 5 9600X,NVIDIA GeForce RTX 5060 Ti,3.13.13,Windows-11-10.0.26200-SP0,xgboost,3.3.0,100000,false,0.58,0.01,0.80891,42,2026-06-20T17:08:34,true,confirmed,0.6.4,2,13.3,610.62,1,16.0,64.0
REF_ALBE_20260620_OLLAMA_0.30_XGB_3.3,Alberto_B850,AMD Ryzen 5 9600X,NVIDIA GeForce RTX 5060 Ti,3.13.13,Windows-11-10.0.26200-SP0,xgboost,3.3.0,1000000,true,1.23,0.01,0.82269,42,2026-06-20T17:08:43,true,confirmed,0.6.4,2,13.3,610.62,1,16.0,64.0
REF_ALBE_20260620_OLLAMA_0.30_XGB_3.3,Alberto_B850,AMD Ryzen 5 9600X,NVIDIA GeForce RTX 5060 Ti,3.13.13,Windows-11-10.0.26200-SP0,xgboost,3.3.0,1000000,false,4.4,0.08,0.82251,42,2026-06-20T17:09:01,true,confirmed,0.6.4,2,13.3,610.62,1,16.0,64.0
REF_ALBE_20260620_OLLAMA_0.30_XGB_3.3,Alberto_B850,AMD Ryzen 5 9600X,NVIDIA GeForce RTX 5060 Ti,3.13.13,Windows-11-10.0.26200-SP0,xgboost,3.3.0,full,true,8.52,0.06,0.82465,42,2026-06-20T17:09:34,true,confirmed,0.6.4,2,13.3,610.62,1,16.0,64.0
REF_ALBE_20260620_OLLAMA_0.30_XGB_3.3,Alberto_B850,AMD Ryzen 5 9600X,NVIDIA GeForce RTX 5060 Ti,3.13.13,Windows-11-10.0.26200-SP0,xgboost,3.3.0,full,false,53.53,0.81,0.82504,42,2026-06-20T17:12:24,true,confirmed,0.6.4,2,13.3,610.62,1,16.0,64.0
